,Link_ID,Origin_ID,Destination_ID
0,3,2827,686
1,5,3357,4187
2,6,4187,3357
3,7,4187,3341
4,8,3341,4187
5,9,3341,3333
6,10,3333,3341
7,11,4187,4188
8,12,4188,4187
9,13,4187,3345
10,14,3345,4187
11,17,3360,3067
12,18,3067,3360
13,26,2104,3380
14,27,3380,2104
15,49,3510,4478
16,50,4478,3510
17,51,4478,4475
18,52,4475,4478
19,53,4475,2500
20,54,2500,4475
21,55,2500,2504
22,56,2504,2500
23,67,4384,4475
24,68,4475,4384
25,75,3401,2301
26,76,2301,3401
27,81,3732,3064
28,82,3064,3732
29,83,3736,4188
30,84,4188,3736
31,94,7334,2104
32,95,7334,3380
33,96,2104,7334
34,101,2322,2326
35,102,2326,2322
36,103,2326,2328
37,104,2328,2326
38,105,2328,2329
39,106,2329,2328
40,107,2329,2332
41,108,2332,2329
42,109,2827,688
43,110,688,2827
44,113,2301,2409
45,118,4357,2414
46,119,2414,4357
47,124,2414,2417
48,125,2417,2414
49,128,686,2827
50,129,3393,3395
51,130,3395,3393
52,131,3395,3397
53,132,3397,3395
54,140,3694,3695
55,141,3695,3694
56,146,3695,4636
57,147,4636,3695
58,148,4636,3212
59,149,3212,4636
60,150,3212,4618
61,151,4618,3212
62,152,3698,4618
63,153,4618,3698
64,156,2507,2504
65,157,2504,2507
66,162,2929,2400
67,163,2400,2929
68,165,2843,4273
69,166,4273,2843
70,167,4273,4043
71,168,4043,4273
72,169,4273,4353
73,170,4353,4273
74,172,4351,4368
75,180,4351,2845
76,184,2845,4351
77,185,2845,4043
78,186,4043,2845
79,187,4043,4045
80,188,4045,4043
81,189,4045,3820
82,190,3820,4045
83,191,4350,3820
84,192,3820,4350
85,193,4351,4350
86,194,4350,4351
87,195,4351,4353
88,196,4353,4351
89,197,335,575
90,198,575,335
91,201,339,576
92,202,576,339
93,209,575,576
94,210,576,575
95,213,4526,4567
96,214,4567,4526
97,215,4567,2929
98,216,2929,4567
99,217,2929,4566
100,218,4566,2929
101,219,4566,2908
102,220,2908,4566
103,221,2908,2910
104,222,2910,2908
105,223,2910,4567
106,224,4567,2910
107,227,4373,4435
108,228,4435,4373
109,231,2417,2419
110,232,2419,2417
111,241,256,3172
112,242,3172,256
113,243,3172,620
114,244,620,3172
115,245,620,1114
116,246,1114,620
117,251,3680,4710
118,252,4710,3680
119,253,4710,262
120,254,262,4710
121,257,3680,3681
122,258,3681,3680
123,259,4231,3435
124,260,3435,4231
125,261,2507,4230
126,262,4230,2507
127,263,4230,3431
128,264,3431,4230
129,265,3435,3431
130,266,3431,3435
131,275,4231,4377
132,276,4377,4231
133,277,2507,4231
134,278,4231,2507
135,279,4377,3405
136,280,3405,4377
137,281,4377,4435
138,282,4435,4377
139,283,3405,4487
140,284,4487,3405
141,285,2507,2508
142,286,2508,2507
143,287,2509,2508
144,288,2508,2509
145,291,2508,3435
146,292,3435,2508
147,293,2509,4230
148,294,4230,2509
149,300,129,131
150,301,131,129
151,302,131,126
152,303,126,131
153,304,126,133
154,305,133,126
155,306,126,867
156,307,867,126
157,308,867,131
158,309,131,867
159,310,869,867
160,311,867,869
161,312,869,129
162,313,129,869
163,314,4051,4030
164,315,4030,4051
165,316,4030,4321
166,317,4321,4030
167,318,4321,3662
168,319,3662,4321
169,322,2822,2820
170,323,2820,2822
171,324,3002,3662
172,325,3662,3002
173,328,4030,4035
174,329,4035,4030
175,334,2827,4051
176,335,4051,2827
177,338,3002,3003
178,339,3003,3002
179,340,3003,3004
180,341,3004,3003
181,342,3004,4035
182,343,4035,3004
183,348,4566,4562
184,349,4562,4566
185,352,4562,4532
186,353,4532,4562
187,358,4551,3393
188,359,3393,4551
189,366,4140,4146
190,367,4146,4140
191,368,4146,3380
192,369,3380,4146
193,390,2908,2902
194,391,2902,2908
195,403,2932,3390
196,404,3390,2932
197,413,137,138
198,414,138,137
199,417,142,145
200,418,145,142
201,419,145,147
202,420,147,145
203,421,314,339
204,422,339,314
205,435,3553,3560
206,443,2428,2430
207,444,2430,2428
208,447,426,429
209,448,429,426
210,449,429,265
211,450,265,429
212,451,265,432
213,452,432,265
214,457,718,712
215,458,712,718
216,459,990,715
217,460,715,990
218,461,990,712
219,462,712,990
220,463,724,990
221,464,990,724
222,465,3364,990
223,466,990,3364
224,469,3693,3694
225,470,3694,3693
226,473,3736,4169
227,474,4169,3736
228,475,4169,4995
229,476,4995,4169
230,477,4995,2763
231,478,2763,4995
232,479,3732,3734
233,480,3734,3732
234,481,3734,4181
235,482,4181,3734
236,483,4181,3736
237,484,3736,4181
238,485,3304,4146
239,486,4146,3304
240,491,2607,2603
241,492,2603,2607
242,493,3115,2100
243,494,2100,3115
244,495,4023,3115
245,496,3115,4023
246,497,2609,2607
247,498,2607,2609
248,499,2613,2609
249,500,2609,2613
250,501,712,984
251,502,984,712
252,503,4169,3357
253,504,3357,4169
254,511,4745,4755
255,512,4755,4745
256,517,2312,2316
257,518,2316,2312
258,523,4821,4805
259,524,4805,4821
260,525,4805,4810
261,526,4810,4805
262,527,4541,3399
263,528,3399,4541
264,529,2822,2827
265,530,2827,2820
266,533,3382,3449
267,534,3449,3382
268,558,4930,4932
269,559,4932,4930
270,560,4932,2629
271,561,2629,4932
272,562,2629,4934
273,563,4934,2629
274,564,4934,2613
275,565,2613,4934
276,566,4934,4971
277,567,4971,4934
278,568,4935,4971
279,569,4971,4935
280,570,2674,4935
281,571,4935,2674
282,572,2706,2674
283,573,2674,2706
284,574,4930,2706
285,575,2706,4930
286,576,4932,4935
287,577,4935,4932
288,578,4935,2613
289,579,2613,4935
290,581,984,715
291,582,715,984
292,585,115,354
293,586,354,115
294,587,4698,2956
295,588,2956,4698
296,591,844,417
297,592,417,844
298,595,2421,2745
299,596,2745,2421
300,597,2745,4084
301,598,4084,2745
302,601,3567,3560
303,602,3560,3567
304,603,3198,4698
305,604,4698,3198
306,605,4636,3198
307,606,3198,4636
308,607,3694,3198
309,608,3198,3694
310,609,125,851
311,610,851,125
312,611,354,844
313,612,844,354
314,613,2419,3290
315,614,3290,2419
316,615,3290,4084
317,616,4084,3290
318,617,3290,3558
319,618,3558,3290
320,619,3558,3440
321,620,3440,3558
322,621,3558,3555
323,622,3555,3558
324,627,775,790
325,628,790,775
326,629,790,791
327,630,791,790
328,631,791,777
329,632,777,791
330,633,777,778
331,634,778,777
332,635,778,374
333,636,374,778
334,637,371,374
335,638,374,371
336,639,369,371
337,640,371,369
338,641,777,788
339,642,788,777
340,643,788,371
341,644,371,788
342,645,791,788
343,646,788,791
344,647,369,170
345,648,170,369
346,651,860,777
347,652,777,860
348,655,853,775
349,656,775,853
350,657,851,853
351,658,853,851
352,659,129,853
353,660,853,129
354,661,371,174
355,662,174,371
356,663,369,790
357,664,790,369
358,665,369,775
359,666,775,369
360,667,3443,3441
361,668,3441,3443
362,669,3441,3440
363,670,3440,3441
364,673,188,927
365,674,927,188
366,675,927,925
367,676,925,927
368,677,656,954
369,678,954,656
370,679,435,927
371,680,927,435
372,681,927,954
373,682,954,927
374,683,954,3097
375,684,3097,954
376,685,569,256
377,687,2934,3393
378,688,3393,2934
379,689,954,670
380,690,670,954
381,691,3385,3390
382,692,3390,3385
383,695,3380,3382
384,696,3382,3380
385,697,2100,3450
386,698,3450,2100
387,699,3450,4406
388,700,4406,3450
389,701,575,3380
390,702,575,2104
391,705,435,438
392,706,438,435
393,709,492,268
394,710,268,492
395,711,268,1108
396,712,1108,268
397,713,1108,784
398,714,784,1108
399,717,4101,3561
400,718,3561,4101
401,719,2580,2722
402,720,2722,2580
403,721,2580,4932
404,722,4932,2580
405,723,2722,2629
406,724,2629,2722
407,725,2614,2706
408,726,2706,2614
409,727,2614,2627
410,728,2627,2614
411,729,2627,2613
412,730,2613,2627
413,731,2208,115
414,732,115,2208
415,733,2208,3132
416,734,3132,2208
417,735,3132,844
418,736,844,3132
419,741,574,575
420,742,575,574
421,743,117,121
422,744,121,117
423,747,417,849
424,748,849,417
425,749,849,851
426,750,851,849
427,751,121,124
428,752,124,121
429,753,124,125
430,754,125,124
431,755,125,129
432,756,129,125
433,757,2312,4091
434,758,4091,2312
435,759,4091,4093
436,760,4093,4091
437,761,4093,3291
438,762,3291,4093
439,763,4091,3553
440,764,3553,4091
441,765,4093,3555
442,766,3555,4093
443,767,2320,3443
444,768,3443,2320
445,769,3555,3443
446,770,3443,3555
447,771,2322,3635
448,772,3635,2322
449,773,3635,3637
450,774,3637,3635
451,779,4613,3637
452,780,3637,4613
453,781,3695,3696
454,782,3696,3695
455,785,4080,4091
456,786,4091,4080
457,791,4084,4085
458,792,4085,4084
459,793,2409,2411
460,800,4085,4101
461,801,4101,4085
462,802,860,631
463,803,631,860
464,804,631,778
465,805,778,631
466,808,146,814
467,809,814,146
468,814,3560,4613
469,815,4613,3560
470,816,2322,2320
471,817,2320,2322
472,818,2320,2316
473,819,2316,2320
474,824,4040,4043
475,825,4043,4040
476,826,4272,4273
477,827,4273,4272
478,828,4356,4355
479,829,4355,4356
480,830,4355,4357
481,831,4357,4355
482,832,3395,4740
483,833,4740,3395
484,834,4740,4739
485,835,4739,4740
486,836,4739,4745
487,837,4745,4739
488,840,4272,4040
489,841,4040,4272
490,842,4671,4653
491,843,4653,4671
492,844,4653,3308
493,845,3308,4653
494,846,3308,2822
495,847,2822,3308
496,850,4268,4270
497,851,4270,4268
498,852,4270,4272
499,853,4272,4270
500,854,2820,4321
501,855,4321,2820
502,856,2843,4356
503,857,4356,2843
504,860,4748,4745
505,861,4745,4748
506,864,2412,4766
507,865,4766,2412
508,870,834,555
509,871,555,834
510,872,244,555
511,873,555,244
512,874,244,248
513,875,248,244
514,878,501,247
515,879,247,501
516,880,4902,4526
517,881,4526,4902
518,882,4437,4526
519,883,4526,4437
520,884,4437,4488
521,885,4488,4437
522,890,4373,4488
523,891,4488,4373
524,892,4230,2880
525,893,2880,4230
526,896,4502,4517
527,897,4517,4502
528,900,2312,2310
529,901,2310,2312
530,907,3558,3560
531,910,4384,3112
532,911,3112,4384
533,912,4023,4010
534,913,4010,4023
535,914,3112,4011
536,915,4011,3112
537,916,4011,4001
538,917,4001,4011
539,920,4130,3054
540,921,3054,4130
541,926,3566,3206
542,927,3206,3566
543,928,3206,4698
544,929,4698,3206
545,932,3206,3198
546,933,3198,3206
547,934,4085,4086
548,935,4086,4085
549,936,4086,4101
550,937,4101,4086
551,938,2425,4086
552,939,4490,4475
553,940,4475,4490
554,941,4231,4236
555,942,4236,4231
556,943,4236,3405
557,944,3405,4236
558,945,2504,4236
559,946,4236,2504
560,949,4490,4500
561,950,4500,4490
562,951,4500,4502
563,952,4502,4500
564,955,4478,4465
565,959,4465,4478
566,960,4502,4465
567,961,4465,4502
568,962,3566,3570
569,963,3570,3566
570,969,2597,2640
571,970,2640,2597
572,971,304,961
573,972,961,304
574,973,569,961
575,974,961,569
576,979,3506,3527
577,980,3527,3506
578,989,3592,3593
579,990,3593,3592
580,995,2863,1012
581,996,3050,2863
582,997,1012,2863
583,998,2895,1012
584,999,1012,2895
585,1002,2863,3593
586,1003,3593,2863
587,1004,3592,2862
588,1005,2862,3592
589,1010,2405,2400
590,1011,2400,2405
591,1012,4539,2405
592,1013,2405,4539
593,1015,3593,1012
594,1016,1012,3593
595,1017,4541,4539
596,1018,2302,4541
597,1019,4539,4541
598,1020,4541,2301
599,1021,2302,2310
600,1024,3401,2407
601,1025,2407,3401
602,1026,2407,2301
603,1027,2302,2407
604,1028,2407,2409
605,1029,2409,2407
606,1035,224,228
607,1036,228,224
608,1037,228,274
609,1038,274,228
610,1039,2333,3036
611,1040,3036,2333
612,1041,2332,2333
613,1042,2333,2332
614,1051,3032,3037
615,1052,3037,3032
616,1053,3032,2326
617,1054,2326,3032
618,1063,3019,2312
619,1064,2312,3019
620,1066,3024,3019
621,1069,2863,3050
622,1070,3697,4617
623,1071,4617,3697
624,1074,432,31200
625,1075,31200,432
626,1076,31200,435
627,1077,435,31200
628,1078,2956,31200
629,1079,31200,2956
630,1082,31200,188
631,1083,188,31200
632,1084,3332,3330
633,1085,3330,3332
634,1086,3216,3732
635,1087,3732,3216
636,1088,3213,3224
637,1089,3224,3213
638,1090,516,228
639,1091,228,516
640,1094,284,216
641,1095,216,284
642,1096,2326,4625
643,1097,4625,2326
644,1098,735,730
645,1099,730,735
646,1100,543,604
647,1101,604,543
648,1103,3174,604
649,1104,522,251
650,1105,251,522
651,1108,729,275
652,1109,275,729
653,1110,275,735
654,1111,735,275
655,1112,2329,4641
656,1113,4641,2329
657,1114,4641,4640
658,1115,4640,4641
659,1118,4625,4640
660,1119,4640,4625
661,1120,1374,5254
662,1121,5254,1374
663,1122,5269,5254
664,1123,5254,5269
665,1124,5254,5252
666,1125,5252,5254
667,1126,5262,5254
668,1127,5254,5262
669,1128,400,1247
670,1129,1247,400
671,1132,31010,31007
672,1133,31007,31010
673,1134,248,31010
674,1135,31010,248
675,1136,31007,501
676,1137,501,31007
677,1138,248,31007
678,1139,31007,248
679,1140,31010,31009
680,1141,31009,31010
681,1142,31009,31011
682,1143,31011,31009
683,1144,31011,244
684,1145,244,31011
685,1146,31009,31008
686,1147,31008,31009
687,1148,247,31004
688,1149,31004,247
689,1150,31004,31002
690,1151,31002,31004
691,1152,31008,31006
692,1153,31006,31008
693,1154,31006,501
694,1155,501,31006
695,1156,31006,31005
696,1157,31005,31006
697,1158,31005,247
698,1159,247,31005
699,1160,31004,31003
700,1161,31003,31004
701,1162,31003,247
702,1163,247,31003
703,1164,31001,31003
704,1165,31003,31001
705,1166,31002,31001
706,1167,31001,31002
707,1168,31005,31003
708,1169,31003,31005
709,1170,1191,4372
710,1171,4372,1191
711,1172,4372,4437
712,1173,4437,4372
713,1174,4372,4373
714,1175,4373,4372
715,1176,4373,4163
716,1177,4163,4373
717,1178,3671,4214
718,1179,4214,3671
719,1180,4216,3451
720,1181,3451,4216
721,1182,4214,2101
722,1183,2101,4214
723,1184,4163,4435
724,1185,4435,4163
725,1186,4902,1191
726,1188,4455,4406
727,1189,4406,4455
728,1190,4455,3385
729,1191,3385,4455
730,1194,4575,2932
731,1195,2932,4575
732,1197,4575,4406
733,1198,4406,4575
734,1199,3451,3450
735,1200,3450,3451
736,1201,3451,3382
737,1202,3382,3451
738,1203,3451,2101
739,1204,2101,3451
740,1205,2101,2100
741,1206,2100,2101
742,1207,2101,2104
743,1208,2104,2101
744,1211,4668,4023
745,1212,4023,4668
746,1213,4668,3671
747,1214,3671,4668
748,1215,4686,3059
749,1216,3059,4686
750,1217,3059,3058
751,1218,3058,3059
752,1219,3059,3060
753,1220,3060,3059
754,1225,216,217
755,1226,217,216
756,1227,217,222
757,1228,222,217
758,1229,222,224
759,1230,224,222
760,1231,31012,31011
761,1232,31011,31012
762,1233,31013,31012
763,1234,31012,31013
764,1235,31013,834
765,1236,834,31013
766,1237,3332,3333
767,1238,3333,3332
768,1241,4046,4045
769,1242,4045,4046
770,1243,170,2012
771,1244,2012,170
772,1245,2012,174
773,1246,174,2012
774,1247,731,738
775,1248,738,731
776,1253,4016,4014
777,1254,4014,4016
778,1255,170,785
779,1256,785,170
780,1257,1105,785
781,1258,785,1105
782,1259,785,2012
783,1260,2012,785
784,1261,784,710
785,1263,710,196
786,1264,196,710
787,1267,4016,3111
788,1268,3111,4016
789,1269,2861,3111
790,1270,3111,2861
791,1271,3111,3112
792,1272,3112,3111
793,1277,4000,3052
794,1278,3052,4000
795,1281,3052,3050
796,1282,3050,3052
797,1283,4000,4016
798,1284,4016,4000
799,1285,3480,3483
800,1286,3483,3480
801,1289,2881,3501
802,1290,3501,2881
803,1291,2509,2881
804,1292,2881,2509
805,1293,3905,3501
806,1294,3501,3905
807,1295,5002,3483
808,1296,3483,5002
809,1297,5262,5257
810,1298,5257,5262
811,1299,5257,5253
812,1300,5253,5257
813,1301,5291,5253
814,1302,5253,5291
815,1304,5273,5252
816,1305,1374,5235
817,1306,5235,1374
818,1307,3501,1099
819,1308,1099,3501
820,1309,1099,2880
821,1310,2880,1099
822,1311,5284,5279
823,1312,5279,5284
824,1313,5279,5002
825,1314,5002,5279
826,1315,5279,5235
827,1316,5235,5279
828,1321,429,451
829,1322,451,429
830,1323,455,492
831,1324,492,455
832,1325,1157,5269
833,1326,5269,1157
834,1327,4952,4951
835,1328,4951,4952
836,1329,2607,4951
837,1330,4951,2607
838,1333,3224,3216
839,1334,3216,3224
840,1337,4723,4722
841,1338,4722,4723
842,1339,4723,3010
843,1340,3010,4723
844,1341,3010,3012
845,1342,3012,3010
846,1343,3012,3016
847,1344,3016,3012
848,1345,4885,4883
849,1346,4883,4885
850,1353,31104,31015
851,1354,31015,31104
852,1355,31014,31015
853,1356,31015,31014
854,1357,4552,3395
855,1358,3395,4552
856,1361,4886,4885
857,1362,4885,4886
858,1365,4909,4831
859,1366,4831,4909
860,1367,3428,4831
861,1368,4831,3428
862,1371,2305,2310
863,1372,2310,2305
864,1373,4386,4391
865,1374,4391,4386
866,1375,4391,4711
867,1376,4711,4391
868,1377,4400,4387
869,1378,4387,4400
870,1379,4387,4388
871,1381,4386,4387
872,1382,4387,4386
873,1383,4387,4466
874,1384,4466,4387
875,1385,4465,4466
876,1386,4466,4465
877,1387,4386,4383
878,1388,4383,4386
879,1389,4384,4383
880,1390,4383,4384
881,1391,2412,2411
882,1392,2411,2409
883,1393,2411,2412
884,1394,2407,2406
885,1395,2406,2407
886,1396,2406,2405
887,1397,2405,2406
888,1398,4400,2902
889,1399,2902,4400
890,1400,2925,2918
891,1401,2918,2925
892,1402,4562,4561
893,1403,4561,4562
894,1404,4561,4560
895,1405,4560,4561
896,1406,4560,2932
897,1407,2932,4560
898,1409,2305,2302
899,1410,4883,4881
900,1411,4881,4883
901,1412,4909,2405
902,1414,200,270
903,1415,270,200
904,1416,270,203
905,1417,203,270
906,1418,203,604
907,1420,604,530
908,1421,530,604
909,1422,203,400
910,1423,400,203
911,1428,196,198
912,1429,198,196
913,1430,198,200
914,1431,200,198
915,1434,3527,3507
916,1435,3507,3527
917,1436,1157,5255
918,1437,5255,1157
919,1438,5092,5253
920,1439,5253,5092
921,1440,4001,4002
922,1441,4002,4001
923,1442,4002,4660
924,1443,4660,4002
925,1444,5255,5092
926,1445,5092,5255
927,1448,3304,3308
928,1449,3308,3304
929,1450,3304,2101
930,1451,2101,3304
931,1452,3653,2328
932,1453,2328,3653
933,1454,4951,2507
934,1455,2507,4951
935,1456,4625,4617
936,1457,4617,4625
937,1474,4883,4912
938,1475,4912,4883
939,1476,4198,3513
940,1477,3513,4198
941,1480,3012,3428
942,1482,1701,1700
943,1483,1700,1701
944,1484,1700,1698
945,1485,1698,1700
946,1486,1698,1699
947,1487,1699,1698
948,1488,1699,1697
949,1489,1697,1699
950,1490,1697,3696
951,1491,3696,1697
952,1492,4001,3891
953,1493,3891,4001
954,1494,3891,4000
955,1495,4000,3891
956,1496,4000,2862
957,1497,2862,4000
958,1498,3390,3393
959,1499,3393,3390
960,1503,442,283
961,1504,442,441
962,1505,441,442
963,1508,1113,495
964,1509,495,1113
965,1511,664,1113
966,1512,664,252
967,1513,252,664
968,1514,1121,1122
969,1515,1122,1121
970,1518,1118,1112
971,1519,1112,1118
972,1520,198,1121
973,1521,1121,198
974,1522,1121,664
975,1523,664,1121
976,1524,664,304
977,1525,304,664
978,1526,200,1122
979,1527,1122,200
980,1528,252,1122
981,1531,1118,441
982,1532,441,1118
983,1533,441,1701
984,1534,1701,441
985,1535,656,190
986,1536,190,656
987,1537,188,190
988,1538,190,188
989,1539,190,192
990,1540,192,190
991,1542,192,196
992,1543,656,657
993,1544,657,656
994,1547,4716,451
995,1548,451,4716
996,1549,4715,4716
997,1550,4716,4715
998,1551,4715,3280
999,1552,3280,4715
1000,1553,3280,2427
1001,1554,2427,3280
1002,1555,4710,483
1003,1556,483,4710
1004,1557,483,487
1005,1558,487,483
1006,1559,487,360
1007,1560,360,487
1008,1561,360,426
1009,1562,426,360
1010,1564,451,360
1011,1567,483,4715
1012,1568,4715,483
1013,1570,3722,451
1014,1571,3722,2431
1015,1572,2431,3722
1016,1574,3570,4715
1017,1575,31200,948
1018,1576,948,31200
1019,1577,948,2431
1020,1578,2431,948
1021,1579,2431,2430
1022,1580,2430,2431
1023,1581,948,2956
1024,1582,2956,948
1025,1587,3212,1698
1026,1588,1698,3212
1027,1590,190,268
1028,1591,530,208
1029,1592,208,530
1030,1595,3675,3748
1031,1596,3748,539
1032,1597,539,1106
1033,1598,1126,1131
1034,1599,1131,878
1035,1600,878,540
1036,1601,540,536
1037,1604,1106,3728
1038,1605,536,3723
1039,1606,3723,3724
1040,1607,3676,3675
1041,1608,620,729
1042,1609,729,620
1043,1613,603,1125
1044,1616,442,1336
1045,1617,1336,442
1046,1618,1122,252
1047,1619,2430,3722
1048,1620,3722,2430
1049,1621,3722,432
1050,1622,432,3722
1051,1623,2430,3570
1052,1624,3570,2430
1053,1625,3566,3693
1054,1626,3693,3566
1055,1627,3693,3561
1056,1628,3561,3693
1057,1629,3561,3560
1058,1630,3560,3561
1059,1631,3728,1115
1060,1632,1115,603
1061,1633,3724,3675
1062,1635,2427,2425
1063,1636,2425,2427
1064,1637,2427,2428
1065,1638,2428,2427
1066,1639,492,540
1067,1640,878,432
1068,1641,429,536
1069,1642,2822,2104
1070,1643,2104,2822
1071,1644,451,3723
1072,1645,3174,1578
1073,1646,1578,3174
1074,1649,2649,1570
1075,1650,1570,2649
1076,1653,25613,2649
1077,1654,2649,25613
1078,1655,2301,2305
1079,1656,1570,31000
1080,1657,31000,1570
1081,1658,31000,2190
1082,1659,2190,31000
1083,1660,2190,2996
1084,1661,2996,2190
1085,1662,2996,4975
1086,1663,4975,2996
1087,1664,2409,2302
1088,1665,5148,3365
1089,1666,3481,5148
1090,1667,5147,5148
1091,1668,5148,5147
1092,1669,5264,5147
1093,1670,5147,5264
1094,1671,5146,5264
1095,1672,5264,5146
1096,1673,5145,5146
1097,1674,5146,5145
1098,1676,4766,4764
1099,1677,4764,4762
1100,1678,4762,3401
1101,1679,3401,4762
1102,1680,4762,4764
1103,1681,4764,4766
1104,1683,2409,4762
1105,1684,4762,4753
1106,1685,4753,4743
1107,1686,4743,4740
1108,1687,4740,4743
1109,1688,4743,4753
1110,1689,4753,4762
1111,1690,4762,2409
1112,1691,2411,4764
1113,1692,4764,4755
1114,1693,4755,4764
1115,1694,4764,2411
1116,1695,3399,4753
1117,1696,4753,4755
1118,1697,4755,4753
1119,1698,4753,3399
1120,1699,3397,4743
1121,1700,4743,4745
1122,1701,4745,4743
1123,1702,4743,3397
1124,1703,3397,2987
1125,1704,2987,4539
1126,1705,4539,2987
1127,1706,2987,3397
1128,1707,2987,4548
1129,1708,4548,2987
1130,1709,4548,4552
1131,1710,4552,4548
1132,1711,4550,4552
1133,1712,4552,4550
1134,1714,4550,4551
1135,1715,4551,4550
1136,1717,4532,4550
1137,1718,4550,4532
1138,1719,4831,3425
1139,1720,3425,4831
1140,1721,2404,4536
1141,1722,4536,4548
1142,1723,4548,3396
1143,1724,3396,4548
1144,1725,4548,4536
1145,1726,4536,2404
1146,1727,3425,2305
1147,1728,2305,3425
1148,1731,3425,2302
1149,1733,2301,3425
1150,1734,4051,3180
1151,1735,3180,4051
1152,1736,3180,2828
1153,1737,2828,3180
1154,1738,2828,325
1155,1739,325,2828
1156,1740,325,330
1157,1741,330,325
1158,1742,330,335
1159,1743,335,330
1160,1746,680,688
1161,1747,688,680
1162,1748,3919,325
1163,1749,325,3919
1164,1750,330,574
1165,1751,574,330
1166,1758,700,984
1167,1759,984,700
1168,1762,3919,2206
1169,1763,2206,3919
1170,1764,2206,2208
1171,1765,2208,2206
1172,1766,2825,4030
1173,1767,4030,2825
1174,1768,3308,3311
1175,1769,3311,3308
1176,1770,3064,3267
1177,1771,3267,3064
1178,1774,3311,2944
1179,1775,2944,3311
1180,1776,3918,325
1181,1777,325,3918
1182,1778,3357,2816
1183,1779,4176,2816
1184,1780,2816,4176
1185,1781,2816,3357
1186,1782,4532,4536
1187,1783,4536,4532
1188,1784,4536,4541
1189,1785,4541,4536
1190,1786,31300,31303
1191,1787,31303,31300
1192,1788,31303,31301
1193,1789,31301,31303
1194,1790,31301,31302
1195,1791,31302,31301
1196,1794,13841,2918
1197,1795,2918,13841
1198,1804,4732,2888
1199,1805,2888,4732
1200,1806,3744,4169
1201,1807,4169,3744
1202,1808,3229,3742
1203,1809,3742,3229
1204,1810,3742,3744
1205,1811,3744,3742
1206,1812,2815,2818
1207,1813,2818,2815
1208,1814,3480,3482
1209,1815,3482,3480
1210,1816,3482,3506
1211,1817,3506,3482
1212,1818,121,582
1213,1819,582,121
1214,1820,582,849
1215,1821,849,582
1216,1822,2719,4198
1217,1823,4198,2719
1218,1824,2570,2652
1219,1825,2652,2570
1220,1826,2652,2631
1221,1827,2631,2652
1222,1828,3479,5294
1223,1829,5294,3479
1224,1830,5294,5258
1225,1831,5258,5294
1226,1832,5258,2630
1227,1833,2630,5258
1228,1834,2897,2896
1229,1835,2896,2897
1230,1836,2896,3755
1231,1837,3755,2896
1232,1838,4080,4081
1233,1839,4081,4080
1234,1840,2324,4616
1235,1841,4616,2324
1236,1842,4616,4617
1237,1843,4617,4616
1238,1844,315,694
1239,1845,694,315
1240,1846,694,695
1241,1847,695,694
1242,1848,1316,834
1243,1849,834,1316
1244,1850,1361,1316
1245,1851,1316,1361
1246,1852,5258,5002
1247,1853,5002,5258
1248,1854,3037,4866
1249,1855,4866,3037
1250,1856,4866,4640
1251,1857,4640,4866
1252,1858,3037,3034
1253,1859,3034,3037
1254,1860,3034,3714
1255,1861,3714,3034
1256,1862,3714,3036
1257,1863,3036,3714
1258,1864,2976,2762
1259,1865,2762,2976
1260,1866,3229,3224
1261,1867,3224,3229
1262,1868,426,455
1263,1869,455,426
1264,1870,262,3280
1265,1871,3280,262
1266,1872,3280,2428
1267,1873,2428,3280
1268,1874,5257,5145
1269,1876,4340,3690
1270,1877,3690,4340
1271,1878,3706,3681
1272,1879,3681,3706
1273,1880,3706,2425
1274,1881,2425,3706
1275,1882,3690,970
1276,1883,970,3690
1277,1884,3680,3690
1278,1885,3690,3680
1279,1886,2425,3691
1280,1887,3691,2425
1281,1888,3691,3693
1282,1889,3693,3691
1283,1890,3075,3052
1284,1891,3052,3075
1285,1892,3054,3075
1286,1893,3075,3054
1287,1894,4909,3012
1288,1895,3012,4909
1289,1896,4616,3637
1290,1897,3637,4616
1291,1898,192,657
1292,1899,657,192
1293,1900,2731,2738
1294,1901,2738,2731
1295,1902,2730,2731
1296,1903,2731,2730
1297,1904,2730,2878
1298,1905,2878,2730
1299,1906,2878,2879
1300,1907,2879,2878
1301,1908,2872,2873
1302,1909,2873,2872
1303,1910,2738,2649
1304,1911,2649,2738
1305,1912,3750,3755
1306,1913,3755,3750
1307,1914,3685,970
1308,1915,970,3685
1309,1916,2000,3685
1310,1917,3685,2000
1311,1918,4130,4126
1312,1919,4126,4130
1313,1920,4126,4001
1314,1921,4001,4126
1315,1922,3382,3383
1316,1923,3383,3382
1317,1924,3383,3385
1318,1925,3385,3383
1319,1926,2312,4855
1320,1927,4855,2312
1321,1928,4855,4853
1322,1929,4853,4855
1323,1930,4855,2310
1324,1931,2310,4855
1325,1932,133,295
1326,1933,295,133
1327,1934,295,137
1328,1935,137,295
1329,1936,147,3763
1330,1937,3763,147
1331,1938,3750,4722
1332,1939,4722,3750
1333,1940,2424,2422
1334,1941,2422,2424
1335,1942,2424,2425
1336,1943,2425,2424
1337,1944,4810,4150
1338,1945,4150,4810
1339,1946,4150,2841
1340,1947,2841,4150
1341,1948,2887,3750
1342,1949,3750,2887
1343,1950,3016,3018
1344,1951,3018,3016
1345,1952,3018,3019
1346,1953,3019,3018
1347,1954,2301,3424
1348,1955,3424,2301
1349,1956,3424,2302
1350,1957,2302,3424
1351,1958,3424,3425
1352,1959,3425,3424
1353,1960,3425,3426
1354,1961,3426,3425
1355,1962,3426,3019
1356,1963,3019,3426
1357,1964,2316,3551
1358,1965,3551,2316
1359,1966,3551,3553
1360,1967,3553,3551
1361,1968,4081,4082
1362,1969,4082,4081
1363,1970,4082,3290
1364,1971,3290,4082
1365,1972,4082,4093
1366,1973,4093,4082
1367,1974,4543,3401
1368,1975,3401,4543
1369,1976,4543,2407
1370,1977,2407,4543
1371,1978,4543,4541
1372,1979,4541,4543
1373,1980,4543,2301
1374,1981,4543,2302
1375,1983,2302,4543
1376,1984,2405,4733
1377,1985,4733,2405
1378,1986,4733,4912
1379,1987,4912,4733
1380,1988,4912,4909
1381,1989,4909,4912
1382,1990,3385,4814
1383,1991,4814,3385
1384,1992,4814,4816
1385,1993,4816,4814
1386,1994,4816,4821
1387,1995,4821,4816
1388,1998,4832,4831
1389,1999,4831,4832
1390,2000,4536,4539
1391,2001,4539,4536
1392,2002,2302,4832
1393,2003,4832,2302
1394,2004,4832,3424
1395,2005,3424,4832
1396,2006,2424,4086
1397,2007,4086,2424
1398,2008,2419,2420
1399,2009,2420,2419
1400,2010,2420,2421
1401,2011,2421,2420
1402,2012,2421,2422
1403,2013,2422,2421
1404,2014,4077,4076
1405,2015,4076,4077
1406,2016,4855,4078
1407,2017,4078,4855
1408,2018,4885,4897
1409,2019,4897,4885
1410,2020,4897,4899
1411,2021,4899,4897
1412,2022,4899,4903
1413,2023,4903,4899
1414,2024,4903,4909
1415,2025,4909,4903
1416,2026,4368,4349
1417,2027,4349,4368
1418,2028,4350,4349
1419,2029,4349,4350
1420,2030,4897,4886
1421,2031,4886,4897
1422,2032,2420,3290
1423,2033,3290,2420
1424,2034,2304,3424
1425,2035,3424,2304
1426,2036,4853,4073
1427,2037,4073,4853
1428,2038,4073,4074
1429,2039,4074,4073
1430,2040,4074,4075
1431,2041,4075,4074
1432,2042,2411,4847
1433,2043,4847,2411
1434,2044,4847,4850
1435,2045,4850,4847
1436,2046,4850,4853
1437,2047,4853,4850
1438,2048,2412,4778
1439,2049,4778,2412
1440,2050,4778,4365
1441,2051,4365,4778
1442,2052,3393,4807
1443,2053,4807,3393
1444,2054,4807,4808
1445,2055,4808,4807
1446,2056,4808,4809
1447,2057,4809,4808
1448,2058,4809,4810
1449,2059,4810,4809
1450,2060,2301,2304
1451,2061,2304,2301
1452,2062,2304,2305
1453,2063,2305,2304
1454,2064,4073,4078
1455,2065,4078,4073
1456,2066,4810,4812
1457,2067,4812,4810
1458,2068,4812,4268
1459,2069,4268,4812
1460,2070,4075,4080
1461,2071,4080,4075
1462,2072,2406,2987
1463,2073,2987,2406
1464,2074,4722,4720
1465,2075,4720,4722
1466,2076,4720,4886
1467,2078,4886,4720
1468,2079,4720,4915
1469,2080,4915,4720
1470,2081,192,194
1471,2082,194,192
1472,2083,194,196
1473,2084,196,194
1474,2085,2400,2403
1475,2086,2403,2400
1476,2087,2403,2404
1477,2088,2404,2403
1478,2089,2404,2405
1479,2090,2405,2404
1480,2091,2888,2886
1481,2092,2886,2888
1482,2093,2886,4902
1483,2094,4902,2886
1484,2095,2897,2898
1485,2096,2898,2897
1486,2097,3542,3750
1487,2098,3750,3542
1488,2099,3542,4720
1489,2100,4720,3542
1490,2101,4883,4878
1491,2102,4878,4883
1492,2103,4878,4567
1493,2104,4567,4878
1494,2105,657,959
1495,2106,959,657
1496,2107,959,661
1497,2108,661,959
1498,2109,285,31200
1499,2110,31200,285
1500,2111,285,659
1501,2112,659,285
1502,2113,4517,2925
1503,2114,2925,4517
1504,2115,2925,4584
1505,2116,4584,2925
1506,2117,4584,2929
1507,2118,2929,4584
1508,2121,1112,1120
1509,2122,1120,1112
1510,2123,1120,1121
1511,2124,1121,1120
1512,2125,4566,4879
1513,2126,4879,4566
1514,2127,4879,4881
1515,2128,4881,4879
1516,2129,4881,4880
1517,2130,4880,4881
1518,2131,4880,4550
1519,2132,4550,4880
1520,2133,4880,4532
1521,2134,4532,4880
1522,2141,31050,31051
1523,2142,31051,31050
1524,2143,3925,2004
1525,2144,2004,3925
1526,2145,2000,3682
1527,2146,3682,2000
1528,2147,3925,3130
1529,2148,3130,3925
1530,2149,3930,3925
1531,2150,3925,3930
1532,2151,3925,3682
1533,2152,3682,3925
1534,2153,3682,3808
1535,2154,3808,3682
1536,2155,4040,3804
1537,2156,3804,4040
1538,2157,3180,4057
1539,2158,4057,4063
1540,2159,4057,3180
1541,2160,4063,4057
1542,2161,4063,4066
1543,2162,4066,4063
1544,2163,169,170
1545,2164,170,169
1546,2165,174,176
1547,2166,176,174
1548,2167,176,177
1549,2168,177,176
1550,2169,177,764
1551,2170,764,177
1552,2171,764,868
1553,2172,868,764
1554,2173,868,919
1555,2174,919,868
1556,2175,711,715
1557,2176,715,711
1558,2177,3426,2306
1559,2178,2306,3426
1560,2179,2306,4851
1561,2180,4851,2306
1562,2181,4851,4853
1563,2182,4853,4851
1564,2183,4851,4848
1565,2184,4848,4851
1566,2185,4848,2305
1567,2186,2305,4848
1568,2187,2621,2660
1569,2188,2660,2621
1570,2189,115,111
1571,2190,111,115
1572,2191,111,117
1573,2192,117,111
1574,2193,117,413
1575,2194,413,117
1576,2195,413,576
1577,2196,576,413
1578,2197,117,409
1579,2198,409,117
1580,2199,409,417
1581,2200,417,409
1582,2201,438,439
1583,2202,439,438
1584,2203,439,441
1585,2204,441,439
1586,2205,670,1111
1587,2206,1111,670
1588,2207,1111,668
1589,2208,668,1111
1590,2209,668,651
1591,2210,651,668
1592,2211,651,196
1593,2212,196,651
1594,2213,1113,665
1595,2214,665,1113
1596,2215,665,664
1597,2216,664,665
1598,2217,784,803
1599,2218,803,784
1600,2219,803,789
1601,2220,789,803
1602,2221,3570,3208
1603,2222,3208,3570
1604,2223,3208,3206
1605,2224,3206,3208
1606,2225,3002,4263
1607,2226,4263,3002
1608,2227,4263,4268
1609,2228,4268,4263
1610,2229,3004,4260
1611,2230,4260,3004
1612,2231,4260,4266
1613,2232,4266,4260
1614,2233,3558,3559
1615,2234,3559,3558
1616,2235,3559,3560
1617,2236,3560,3559
1618,2237,700,698
1619,2238,698,700
1620,2239,698,704
1621,2240,704,698
1622,2241,704,314
1623,2242,314,704
1624,2243,704,708
1625,2244,708,704
1626,2245,708,335
1627,2246,335,708
1628,2247,2512,3905
1629,2248,3905,2512
1630,2249,2830,678
1631,2250,678,2830
1632,2251,3001,3662
1633,2252,3662,3001
1634,2253,4262,3001
1635,2254,3001,4262
1636,2255,3120,4260
1637,2256,4260,3120
1638,2257,3122,3120
1639,2258,3120,3122
1640,2259,3127,3122
1641,2260,3122,3127
1642,2261,3122,3801
1643,2262,3801,3122
1644,2263,3801,3804
1645,2264,3804,3801
1646,2265,3127,4066
1647,2266,4066,3127
1648,2267,3804,3812
1649,2268,3812,3804
1650,2269,4176,4164
1651,2270,4164,4176
1652,2271,2316,2317
1653,2272,2317,2316
1654,2273,2317,2320
1655,2274,2320,2317
1656,2275,2513,2512
1657,2276,2512,2513
1658,2277,2512,2509
1659,2278,2509,2512
1660,2279,4035,4037
1661,2280,4037,4035
1662,2281,4037,3120
1663,2282,3120,4037
1664,2283,3120,1031
1665,2284,1031,3120
1666,2285,3002,3001
1667,2286,3001,3002
1668,2289,4040,3812
1669,2290,3812,4040
1670,2291,3812,3813
1671,2292,3813,3812
1672,2293,3813,4046
1673,2294,4046,3813
1674,2295,4046,4048
1675,2296,4048,4046
1676,2297,4048,2000
1677,2298,2000,4048
1678,2299,3441,3439
1679,2300,3439,3441
1680,2301,3439,3635
1681,2302,3635,3439
1682,2303,3553,3546
1683,2304,3546,3553
1684,2305,4266,4285
1685,2306,4285,4266
1686,2307,4285,4267
1687,2308,4267,4285
1688,2309,4267,4040
1689,2310,4040,4267
1690,2311,335,338
1691,2312,338,335
1692,2313,338,339
1693,2314,339,338
1694,2315,339,343
1695,2316,343,339
1696,2317,343,121
1697,2318,121,343
1698,2319,118,142
1699,2320,142,118
1700,2321,340,708
1701,2322,708,340
1702,2323,3501,3526
1703,2324,3526,3501
1704,2325,3526,3506
1705,2326,3506,3526
1706,2327,2000,2004
1707,2328,2004,2000
1708,2329,2004,2006
1709,2330,2006,2004
1710,2331,2006,2008
1711,2332,2008,2006
1712,2333,2008,167
1713,2334,167,2008
1714,2337,163,164
1715,2338,164,163
1716,2339,4613,2349
1717,2340,2349,4613
1718,2341,3694,3199
1719,2342,3199,3694
1720,2343,3693,3565
1721,2344,3565,3693
1722,2345,3028,3632
1723,2346,3632,3028
1724,2347,4805,4262
1725,2348,4262,4805
1726,2349,4262,4263
1727,2350,4263,4262
1728,2351,2305,2306
1729,2352,2306,2305
1730,2353,2306,2310
1731,2354,2310,2306
1732,2359,623,626
1733,2360,626,623
1734,2361,623,631
1735,2362,631,623
1736,2363,634,137
1737,2364,137,634
1738,2365,634,626
1739,2366,626,634
1740,2367,2008,3196
1741,2368,3196,2008
1742,2369,3196,464
1743,2370,464,3196
1744,2371,464,481
1745,2372,481,464
1746,2373,619,508
1747,2374,508,619
1748,2375,508,3174
1749,2376,3174,508
1750,2377,208,503
1751,2378,503,208
1752,2379,503,619
1753,2380,619,503
1754,2381,374,807
1755,2382,807,374
1756,2383,807,177
1757,2384,177,807
1758,2385,867,910
1759,2386,910,867
1760,2387,910,892
1761,2388,892,910
1762,2389,974,1247
1763,2390,1247,974
1764,2391,252,974
1765,2392,974,252
1766,2393,974,961
1767,2394,961,974
1768,2395,853,857
1769,2396,857,853
1770,2397,857,860
1771,2398,860,857
1772,2399,138,141
1773,2400,141,138
1774,2401,141,142
1775,2402,142,141
1776,2403,138,628
1777,2404,628,138
1778,2405,164,166
1779,2406,166,164
1780,2407,166,168
1781,2408,168,166
1782,2409,168,169
1783,2410,169,168
1784,2411,481,483
1785,2412,483,481
1786,2415,456,459
1787,2416,459,456
1788,2417,459,174
1789,2418,174,459
1790,2419,176,459
1791,2420,459,176
1792,2421,254,251
1793,2422,251,254
1794,2423,451,363
1795,2424,363,451
1796,2425,363,3722
1797,2426,3722,363
1798,2427,639,146
1799,2428,146,639
1800,2429,814,106
1801,2430,106,814
1802,2431,106,145
1803,2432,145,106
1804,2433,626,860
1805,2434,860,626
1806,2435,320,680
1807,2436,680,320
1808,2441,256,258
1809,2442,258,256
1810,2443,258,254
1811,2444,254,258
1812,2445,548,256
1813,2446,256,548
1814,2447,3174,3175
1815,2448,3175,3174
1816,2449,3175,1578
1817,2450,1578,3175
1818,2451,970,1080
1819,2452,1080,970
1820,2453,1080,2042
1821,2454,2042,1080
1822,2455,2042,3820
1823,2456,3820,2042
1824,2457,970,463
1825,2458,463,970
1826,2459,463,464
1827,2460,464,463
1828,2461,463,4710
1829,2462,4710,463
1830,2463,251,1362
1831,2464,1362,251
1832,2465,1362,1576
1833,2466,1576,1362
1834,2467,2818,2814
1835,2468,2814,2818
1836,2469,2692,2773
1837,2470,2773,2692
1838,2471,1346,2692
1839,2472,2692,1346
1840,2473,2042,4046
1841,2474,4046,2042
1842,2475,2814,3777
1843,2476,3777,2814
1844,2477,3777,2773
1845,2478,2773,3777
1846,2479,1310,3777
1847,2480,3777,1310
1848,2481,3777,3236
1849,2482,3236,3777
1850,2483,3236,3233
1851,2484,3233,3236
1852,2485,2854,2169
1853,2486,2169,2854
1854,2487,3975,2814
1855,2488,2814,3975
1856,2489,3975,3982
1857,2490,3982,3975
1858,2491,3982,2789
1859,2492,2789,3982
1860,2493,2789,3744
1861,2494,3744,2789
1862,2495,4048,3808
1863,2496,3808,4048
1864,2497,3010,4915
1865,2498,4915,3010
1866,2499,4915,4899
1867,2500,4899,4915
1868,2501,4897,4892
1869,2502,4892,4897
1870,2503,4892,2400
1871,2504,2400,4892
1872,2505,359,360
1873,2506,360,359
1874,2507,2765,3736
1875,2508,3736,2765
1876,2509,3230,2765
1877,2510,2765,3230
1878,2511,3229,3230
1879,2512,3230,3229
1880,2513,3230,3233
1881,2514,3233,3230
1882,2515,4994,1310
1883,2516,1310,4994
1884,2517,3744,4994
1885,2518,4994,3744
1886,2519,422,365
1887,2520,365,422
1888,2521,365,1105
1889,2522,1105,365
1890,2523,422,423
1891,2524,423,422
1892,2525,423,426
1893,2526,426,423
1894,2527,432,489
1895,2528,489,432
1896,2529,489,492
1897,2530,492,489
1898,2531,3333,719
1899,2532,719,3333
1900,2533,719,718
1901,2534,718,719
1902,2535,3390,4800
1903,2536,4800,3390
1904,2537,4800,4801
1905,2538,4801,4800
1906,2539,4801,4803
1907,2540,4803,4801
1908,2541,4803,4805
1909,2542,4805,4803
1910,2543,268,1207
1911,2544,1207,268
1912,2545,1207,659
1913,2546,659,1207
1914,2547,659,190
1915,2548,190,659
1916,2549,4353,4355
1917,2550,4355,4353
1918,2551,4355,4759
1919,2552,4759,4355
1920,2553,4759,4757
1921,2554,4757,4759
1922,2555,4757,4755
1923,2556,4755,4757
1924,2557,4748,4757
1925,2558,4757,4748
1926,2559,4757,4766
1927,2560,4766,4757
1928,2561,1366,1000
1929,2562,1000,1366
1930,2563,1000,4193
1931,2564,4193,1000
1932,2565,2719,1000
1933,2566,1000,2719
1934,2567,3141,3204
1935,2568,3204,3141
1936,2569,2902,4445
1937,2570,4445,2902
1938,2571,4445,3386
1939,2572,3386,4445
1940,2573,4575,4445
1941,2574,4445,4575
1942,2575,4445,4216
1943,2576,4216,4445
1944,2577,4388,4389
1945,2578,4389,4388
1946,2579,4389,2918
1947,2580,2918,4389
1948,2583,4193,3513
1949,2584,3513,4193
1950,2585,4517,4506
1951,2586,4506,4517
1952,2587,4506,4388
1953,2588,4388,4506
1954,2589,4506,4466
1955,2590,4466,4506
1956,2591,4386,4506
1957,2592,4506,4386
1958,2593,2863,3595
1959,2594,3595,2863
1960,2595,3595,4112
1961,2596,4112,3595
1962,2597,4112,3050
1963,2598,3050,4112
1964,2599,3513,3510
1965,2600,3510,3513
1966,2601,1012,3513
1967,2602,3513,1012
1968,2603,4193,4198
1969,2604,4198,4193
1970,2605,31051,3050
1971,2606,512,203
1972,2607,203,512
1973,2608,513,208
1974,2609,208,513
1975,2610,824,1081
1976,2611,1081,824
1977,2612,1081,787
1978,2613,787,1081
1979,2614,4951,2514
1980,2615,2514,4951
1981,2616,2514,2660
1982,2617,2660,2514
1983,2618,2508,2514
1984,2619,2514,2508
1985,2620,2879,2715
1986,2621,2715,2879
1987,2622,2715,2726
1988,2623,2726,2715
1989,2624,2838,2815
1990,2625,2815,2838
1991,2626,4042,3812
1992,2627,3812,4042
1993,2628,2329,4645
1994,2629,4645,2329
1995,2630,2607,4937
1996,2631,4937,2607
1997,2632,283,395
1998,2633,395,283
1999,2634,395,495
2000,2635,495,395
2001,2636,429,454
2002,2637,454,429
2003,2638,454,455
2004,2639,455,454
2005,2640,604,601
2006,2641,601,604
2007,2642,601,203
2008,2643,203,601
2009,2644,456,781
2010,2645,781,456
2011,2646,781,785
2012,2647,785,781
2013,2648,1336,923
2014,2649,923,1336
2015,2650,923,924
2016,2651,924,923
2017,2652,924,670
2018,2653,670,924
2019,2654,784,1170
2020,2655,1170,784
2021,2656,1170,710
2022,2657,710,1170
2023,2658,2603,2602
2024,2659,2602,2603
2025,2660,2602,2504
2026,2661,2504,2602
2027,2662,3019,3022
2028,2663,3022,3019
2029,2664,3022,3024
2030,2665,3024,3022
2031,2666,4716,3963
2032,2667,3963,4716
2033,2668,3963,487
2034,2669,487,3963
2035,2670,4342,4343
2036,2671,4343,4342
2037,2672,4343,4346
2038,2673,4346,4343
2039,2674,4346,2417
2040,2675,2417,4346
2041,2676,4342,4341
2042,2677,4341,4342
2043,2678,4341,4340
2044,2679,4340,4341
2045,2680,4340,3680
2046,2681,3680,4340
2047,2682,2419,4346
2048,2683,4346,2419
2049,2684,4346,4368
2050,2685,4368,4346
2051,2686,520,756
2052,2687,756,520
2053,2688,967,281
2054,2689,281,967
2055,2690,2708,2603
2056,2691,2603,2708
2057,2692,4930,2587
2058,2693,2587,4930
2059,2694,2587,2585
2060,2695,2585,2587
2061,2696,4638,4647
2062,2697,4647,4638
2063,2698,4647,2332
2064,2699,2332,4647
2065,2700,4365,4367
2066,2701,4367,4365
2067,2702,4367,4368
2068,2703,4368,4367
2069,2704,4635,4617
2070,2705,4617,4635
2071,2706,4638,3204
2072,2707,3204,4638
2073,2710,3599,3595
2074,2711,3595,3599
2075,2712,4342,4348
2076,2713,4348,4342
2077,2714,4348,4349
2078,2715,4349,4348
2079,2716,4580,4577
2080,2717,4577,4580
2081,2718,4577,4575
2082,2719,4575,4577
2083,2720,4577,2920
2084,2721,2920,4577
2085,2722,4561,4577
2086,2723,4577,4561
2087,2724,4584,4580
2088,2725,4580,4584
2089,2726,4388,4580
2090,2727,4580,4388
2091,2728,4480,4490
2092,2729,4490,4480
2093,2730,4465,4383
2094,2731,4383,4465
2095,2732,2686,516
2096,2733,516,2686
2097,2734,3599,3993
2098,2735,3993,3599
2099,2736,3993,4112
2100,2737,4112,3993
2101,2738,2417,4367
2102,2739,4367,2417
2103,2740,4367,4360
2104,2741,4360,4367
2105,2742,4360,4353
2106,2743,4353,4360
2107,2744,4368,4363
2108,2745,4363,4368
2109,2746,4363,4351
2110,2747,4351,4363
2111,2748,4357,4360
2112,2749,4360,4357
2113,2750,4360,4363
2114,2751,4363,4360
2115,2752,4363,4350
2116,2753,4350,4363
2117,2754,164,420
2118,2755,420,164
2119,2756,420,422
2120,2757,422,420
2121,2758,5810,5913
2122,2759,5913,5810
2123,2762,3599,3650
2124,2763,3650,3599
2125,2764,2587,2580
2126,2765,2580,2587
2127,2766,2726,2719
2128,2767,2719,2726
2129,2768,2726,2716
2130,2769,2716,2726
2131,2770,356,420
2132,2771,420,356
2133,2772,3196,356
2134,2773,356,3196
2135,2774,3937,3196
2136,2775,3196,3937
2137,2776,2006,3937
2138,2777,3937,2006
2139,2782,31053,31055
2140,2783,31055,31053
2141,2787,31057,31056
2142,2788,31055,3088
2143,2789,3088,31055
2144,2792,31056,31052
2145,2793,31052,31056
2146,2796,5145,1735
2147,2797,1735,5145
2148,2799,31052,5273
2149,2802,31055,5147
2150,2803,5147,31055
2151,2806,255,744
2152,2807,744,255
2153,2808,417,411
2154,2809,411,417
2155,2810,411,164
2156,2811,164,411
2157,2812,3993,2153
2158,2813,2153,3993
2159,2814,2153,2173
2160,2815,2173,2153
2161,2816,2694,2621
2162,2817,2621,2694
2163,2818,2694,2631
2164,2819,2631,2694
2165,2820,2694,2513
2166,2821,2513,2694
2167,2822,3054,3055
2168,2823,3055,3054
2169,2824,3055,3056
2170,2825,3056,3055
2171,2826,3056,3058
2172,2827,3058,3056
2173,2828,3632,3634
2174,2829,3634,3632
2175,2830,3634,2322
2176,2831,2322,3634
2177,2832,3960,2320
2178,2833,2320,3960
2179,2834,2317,3960
2180,2835,3960,2317
2181,2836,4205,3510
2182,2837,3510,4205
2183,2838,4203,4205
2184,2839,4205,4203
2185,2840,1002,4203
2186,2841,4203,1002
2187,2842,4384,4711
2188,2843,4711,4384
2189,2844,4711,4380
2190,2845,4380,4711
2191,2848,4748,4750
2192,2849,4750,4748
2193,2850,4750,4356
2194,2851,4356,4750
2195,2852,4759,4750
2196,2853,4750,4759
2197,2854,4768,4759
2198,2855,4759,4768
2199,2856,4766,4768
2200,2857,4768,4766
2201,2858,4768,4357
2202,2859,4357,4768
2203,2860,4778,4768
2204,2861,4768,4778
2205,2862,236,237
2206,2863,237,236
2207,2864,237,240
2208,2865,240,237
2209,2866,3906,3905
2210,2867,3905,3906
2211,2868,3906,3479
2212,2869,3479,3906
2213,2870,5002,5284
2214,2871,5284,5002
2215,2872,2722,2052
2216,2873,2052,2722
2217,2874,2892,2722
2218,2875,2722,2892
2219,2876,2701,2892
2220,2877,2892,2701
2221,2878,2052,2730
2222,2879,2730,2052
2223,2880,278,236
2224,2881,236,278
2225,2882,3616,3600
2226,2883,3600,3616
2227,2884,2159,3616
2228,2885,3616,2159
2229,2886,2149,2159
2230,2887,2159,2149
2231,2888,2723,2715
2232,2889,2715,2723
2233,2890,1366,2723
2234,2891,2723,1366
2235,2892,4816,4801
2236,2893,4801,4816
2237,2894,4814,4800
2238,2895,4800,4814
2239,2896,4800,4807
2240,2897,4807,4800
2241,2898,4801,4808
2242,2899,4808,4801
2243,2900,4803,4809
2244,2901,4809,4803
2245,2902,3457,4814
2246,2903,4814,3457
2247,2904,608,547
2248,2905,547,608
2249,2906,547,565
2250,2907,565,547
2251,2908,2153,4115
2252,2909,4115,2153
2253,2910,4115,4112
2254,2911,4112,4115
2255,2912,3054,4115
2256,2913,4115,3054
2257,2914,5004,5005
2258,2915,5005,5004
2259,2916,5007,5072
2260,2917,5072,5007
2261,2918,3985,3969
2262,2919,3969,3985
2263,2922,661,605
2264,2923,605,661
2265,2924,605,613
2266,2925,613,605
2267,2926,634,629
2268,2927,629,634
2269,2928,629,628
2270,2929,628,629
2271,2930,639,629
2272,2931,629,639
2273,2932,629,623
2274,2933,623,629
2275,2934,631,863
2276,2935,863,631
2277,2936,863,146
2278,2937,146,863
2279,2938,255,1260
2280,2939,1260,255
2281,2940,2872,2868
2282,2941,2868,2872
2283,2942,2868,2169
2284,2943,2169,2868
2285,2944,397,400
2286,2945,400,397
2287,2946,3204,3143
2288,2947,3143,3204
2289,2948,3102,3092
2290,2949,3092,3102
2291,2950,4866,3653
2292,2951,3653,4866
2293,2952,2412,4073
2294,2953,4073,2412
2295,2954,4848,4850
2296,2955,4850,4848
2297,2956,1099,3210
2298,2957,3210,1099
2299,2958,31052,3776
2300,2959,3776,31052
2301,2962,1399,3776
2302,2963,3776,1399
2303,2964,4466,4386
2304,2965,4386,4466
2305,2966,4391,4389
2306,2967,4389,4391
2307,2968,5051,5205
2308,2969,5205,5051
2309,2970,167,162
2310,2971,162,167
2311,2972,162,163
2312,2973,163,162
2313,2974,162,357
2314,2975,357,162
2315,2976,357,844
2316,2977,844,357
2317,2978,552,241
2318,2979,241,552
2319,2980,241,1114
2320,2981,1114,241
2321,2982,2208,581
2322,2983,581,2208
2323,2984,581,574
2324,2985,574,581
2325,2986,575,585
2326,2987,585,575
2327,2988,585,115
2328,2989,115,585
2329,2990,4372,1066
2330,2991,1066,4372
2331,2992,1066,4373
2332,2993,4373,1066
2333,2994,1066,2925
2334,2995,2925,1066
2335,2996,1208,400
2336,2997,400,1208
2337,2998,2414,2413
2338,2999,2413,2414
2339,3000,2413,2412
2340,3001,2412,2413
2341,3002,3130,3131
2342,3003,3131,3130
2343,3004,3131,3132
2344,3005,3132,3131
2345,3006,2206,3131
2346,3007,3131,2206
2347,3008,3131,3930
2348,3009,3930,3131
2349,3010,442,3151
2350,3011,3151,442
2351,3012,3151,283
2352,3013,283,3151
2353,3014,2329,3711
2354,3015,3711,2329
2355,3016,3711,3700
2356,3017,3700,3711
2357,3018,3700,3704
2358,3019,3704,3700
2359,3020,3704,3698
2360,3021,3698,3704
2361,3022,2328,3700
2362,3023,3700,2328
2363,3024,3700,3141
2364,3025,3141,3700
2365,3026,4007,4023
2366,3027,4023,4007
2367,3028,4034,4063
2368,3029,4063,4034
2369,3030,4040,4038
2370,3031,4038,4040
2371,3032,4038,1031
2372,3033,1031,4038
2373,3034,3003,4264
2374,3035,4264,3003
2375,3036,4264,4270
2376,3037,4270,4264
2377,3038,4263,4264
2378,3039,4264,4263
2379,3040,4264,4266
2380,3041,4266,4264
2381,3042,2409,4845
2382,3043,4845,2409
2383,3044,4845,4848
2384,3045,4848,4845
2385,3046,2304,4845
2386,3047,4845,2304
2387,3048,4845,4847
2388,3049,4847,4845
2389,3050,786,824
2390,3051,824,786
2391,3052,824,803
2392,3053,803,824
2393,3054,456,786
2394,3055,786,456
2395,3056,786,784
2396,3057,784,786
2397,3058,3127,3129
2398,3059,3129,3127
2399,3060,3129,3125
2400,3061,3125,3129
2401,3062,3125,3126
2402,3063,3126,3125
2403,3064,3126,3130
2404,3065,3130,3126
2405,3066,3126,3682
2406,3067,3682,3126
2407,3068,4517,4521
2408,3069,4521,4517
2409,3070,4521,4488
2410,3071,4488,4521
2411,3072,4075,4072
2412,3073,4072,4075
2413,3074,4072,2414
2414,3075,2414,4072
2415,3076,4075,4076
2416,3077,4076,4075
2417,3078,5834,5835
2418,3079,5835,5834
2419,3080,5873,5874
2420,3081,5874,5873
2421,3082,5874,5872
2422,3083,5872,5874
2423,3084,6254,6253
2424,3085,6253,6254
2425,3086,6253,6255
2426,3087,6255,6253
2427,3088,6284,6272
2428,3089,6272,6284
2429,3090,6274,6291
2430,3091,6291,6274
2431,3092,6203,6223
2432,3093,6223,6203
2433,3094,6272,6223
2434,3095,6223,6272
2435,3096,6274,6272
2436,3097,6272,6274
2437,3098,6200,6203
2438,3099,6203,6200
2439,3100,6272,6200
2440,3101,6200,6272
2441,3102,6280,6203
2442,3103,6203,6280
2443,3104,4078,4079
2444,3105,4079,4078
2445,3106,4079,4074
2446,3107,4074,4079
2447,3108,4079,4080
2448,3109,4080,4079
2449,3110,4205,4206
2450,3111,4206,4205
2451,3112,4206,2861
2452,3113,2861,4206
2453,3114,1259,821
2454,3115,821,1259
2455,3116,304,982
2456,3117,982,304
2457,3118,982,620
2458,3119,620,982
2459,3120,520,1390
2460,3121,1390,520
2461,3122,6203,6205
2462,3123,6205,6203
2463,3124,214,211
2464,3125,211,214
2465,3126,216,214
2466,3127,214,216
2467,3128,211,3036
2468,3129,3036,211
2469,3130,2333,211
2470,3131,211,2333
2471,3132,284,281
2472,3133,281,284
2473,3134,281,280
2474,3135,280,281
2475,3136,280,500
2476,3137,500,280
2477,3138,500,283
2478,3139,283,500
2479,3140,686,685
2480,3141,685,686
2481,3142,685,320
2482,3143,320,685
2483,3144,700,691
2484,3145,691,700
2485,3146,691,317
2486,3147,317,691
2487,3148,1048,691
2488,3149,691,1048
2489,3150,340,1048
2490,3151,1048,340
2491,3152,1048,330
2492,3153,330,1048
2493,3154,680,678
2494,3155,678,680
2495,3156,678,317
2496,3157,317,678
2497,3158,317,325
2498,3159,325,317
2499,3160,320,697
2500,3161,697,320
2501,3162,697,700
2502,3163,700,697
2503,3164,1099,1095
2504,3165,1095,1099
2505,3166,1095,3525
2506,3167,3525,1095
2507,3168,3507,1197
2508,3169,1197,3507
2509,3170,1197,3525
2510,3171,3525,1197
2511,3172,240,2023
2512,3173,2023,240
2513,3174,2638,2640
2514,3175,2640,2638
2515,3176,2762,2638
2516,3177,2638,2762
2517,3178,2638,2701
2518,3179,2701,2638
2519,3180,2585,2638
2520,3181,2638,2585
2521,3182,2161,2838
2522,3183,2838,2161
2523,3184,2159,2161
2524,3185,2161,2159
2525,3186,3994,2157
2526,3187,2157,3994
2527,3188,2157,3969
2528,3189,3969,2157
2529,3190,2173,2157
2530,3191,2157,2173
2531,3192,2157,2149
2532,3193,2149,2157
2533,3194,3028,3027
2534,3195,3027,3028
2535,3196,3027,3024
2536,3197,3024,3027
2537,3198,3024,3550
2538,3199,3550,3024
2539,3200,3550,2316
2540,3201,2316,3550
2541,3202,2631,2513
2542,3203,2513,2631
2543,3204,3905,3479
2544,3205,3479,3905
2545,3206,2631,5258
2546,3207,5258,2631
2547,3208,3637,3638
2548,3209,3638,3637
2549,3210,3638,3696
2550,3211,3696,3638
2551,3212,4635,3638
2552,3213,3638,4635
2553,3214,3696,3703
2554,3215,3703,3696
2555,3216,3703,3697
2556,3217,3697,3703
2557,3218,3697,3698
2558,3219,3698,3697
2559,3220,4635,3703
2560,3221,3703,4635
2561,3222,5018,5201
2562,3223,5201,5018
2563,3224,5020,5018
2564,3225,5018,5020
2565,3226,5248,5231
2566,3227,5231,5248
2567,3228,5231,5232
2568,3229,5232,5231
2569,3230,6236,6235
2570,3231,6235,6236
2571,3232,6235,6250
2572,3233,6250,6235
2573,3234,6250,6280
2574,3235,6280,6250
2575,3236,6235,6232
2576,3237,6232,6235
2577,3238,6250,6232
2578,3239,6232,6250
2579,3240,6288,6205
2580,3241,6205,6288
2581,3242,6290,6288
2582,3243,6288,6290
2583,3244,6233,6264
2584,3245,6264,6233
2585,3246,6264,6280
2586,3247,6280,6264
2587,3248,6232,6216
2588,3249,6216,6232
2589,3250,2808,2763
2590,3251,2763,2808
2591,3252,3236,2808
2592,3253,2808,3236
2593,3254,2008,3195
2594,3255,3195,2008
2595,3256,3195,3132
2596,3257,3132,3195
2597,3258,3918,3920
2598,3259,3920,3918
2599,3260,3960,3957
2600,3261,3957,3960
2601,3262,3957,3632
2602,3263,3632,3957
2603,3264,5191,5194
2604,3265,5194,5191
2605,3266,5194,5190
2606,3267,5190,5194
2607,3268,5020,5023
2608,3269,5023,5020
2609,3270,5023,5200
2610,3271,5200,5023
2611,3272,5069,5068
2612,3273,5068,5069
2613,3274,5065,5088
2614,3275,5088,5065
2615,3276,2320,3959
2616,3277,3959,2320
2617,3278,3959,3443
2618,3279,3443,3959
2619,3280,4972,2854
2620,3281,2854,4972
2621,3282,2993,4972
2622,3283,4972,2993
2623,3284,4119,3056
2624,3285,3056,4119
2625,3286,5015,5016
2626,3287,5016,5015
2627,3288,5098,5101
2628,3289,5101,5098
2629,3290,403,401
2630,3291,401,403
2631,3292,401,519
2632,3293,519,401
2633,3294,519,613
2634,3295,613,519
2635,3296,512,557
2636,3297,557,512
2637,3298,557,613
2638,3299,613,557
2639,3300,519,557
2640,3301,557,519
2641,3302,397,533
2642,3303,533,397
2643,3304,604,533
2644,3305,533,604
2645,3306,533,3174
2646,3307,3174,533
2647,3308,686,684
2648,3309,684,686
2649,3310,438,929
2650,3311,929,438
2651,3312,929,656
2652,3313,656,929
2653,3314,2993,1363
2654,3315,1363,2993
2655,3316,2184,2185
2656,3317,2185,2184
2657,3318,2501,1002
2658,3319,1002,2501
2659,3320,1002,3437
2660,3321,3437,1002
2661,3322,3437,2602
2662,3323,2602,3437
2663,3324,4205,2500
2664,3325,2500,4205
2665,3326,3060,3061
2666,3327,3061,3060
2667,3328,3061,3064
2668,3329,3064,3061
2669,3330,3330,3069
2670,3331,3069,3330
2671,3332,3069,2944
2672,3333,2944,3069
2673,3334,3069,3072
2674,3335,3072,3069
2675,3337,3069,3067
2676,3338,2820,3620
2677,3339,3620,2820
2678,3340,3620,3662
2679,3341,3662,3620
2680,3342,3662,3661
2681,3343,3661,3662
2682,3344,3661,3449
2683,3345,3449,3661
2684,3346,684,680
2685,3347,680,684
2686,3348,3897,3946
2687,3349,3946,3897
2688,3350,3935,3937
2689,3351,3937,3935
2690,3352,3685,3935
2691,3353,3935,3685
2692,3354,3935,463
2693,3355,463,3935
2694,3356,3930,3941
2695,3357,3941,3930
2696,3358,3941,2006
2697,3359,2006,3941
2698,3360,4240,2603
2699,3361,2603,4240
2700,3362,4297,3330
2701,3363,3330,4297
2702,3364,686,683
2703,3365,683,686
2704,3366,683,3360
2705,3367,3360,683
2706,3368,3332,2941
2707,3369,2941,3332
2708,3370,2941,3072
2709,3371,3072,2941
2710,3372,3072,3360
2711,3373,3360,3072
2712,3374,6404,6407
2713,3375,6407,6404
2714,3376,6407,6400
2715,3377,6400,6407
2716,3378,6400,6421
2717,3379,6421,6400
2718,3380,6421,6404
2719,3381,6404,6421
2720,3382,6404,6409
2721,3383,6409,6404
2722,3384,6400,6408
2723,3385,6408,6400
2724,3386,5999,5840
2725,3387,5840,5999
2726,3388,4302,4303
2727,3389,4303,4302
2728,3390,513,1234
2729,3391,1234,513
2730,3392,6206,6445
2731,3393,6445,6206
2732,3394,6445,6449
2733,3395,6449,6445
2734,3398,3804,5329
2735,3399,5329,3804
2736,3400,5329,3808
2737,3401,3808,5329
2738,3402,162,356
2739,3403,356,162
2740,3404,3734,4796
2741,3405,4796,3734
2742,3406,5134,5073
2743,3407,5073,5134
2744,3408,5005,5006
2745,3409,5006,5005
2746,3410,5006,5007
2747,3411,5007,5006
2748,3412,5007,5011
2749,3413,5011,5007
2750,3416,989,820
2751,3417,820,989
2752,3418,2773,2978
2753,3419,2978,2773
2754,3420,2978,3897
2755,3421,3897,2978
2756,3422,3143,3142
2757,3423,3142,3143
2758,3424,3142,944
2759,3425,944,3142
2760,3426,944,442
2761,3427,442,944
2762,3428,3267,3268
2763,3429,3268,3267
2764,3430,3268,3306
2765,3431,3306,3268
2766,3432,4671,3268
2767,3433,3268,4671
2768,3434,3268,4668
2769,3435,4668,3268
2770,3436,4487,4518
2771,3437,4518,4487
2772,3438,4518,4521
2773,3439,4521,4518
2774,3440,4500,4518
2775,3441,4518,4500
2776,3442,2789,4992
2777,3443,4992,2789
2778,3444,4992,3229
2779,3445,3229,4992
2780,3446,3994,4992
2781,3447,4992,3994
2782,3448,5077,5068
2783,3449,5068,5077
2784,3450,5069,5079
2785,3451,5079,5069
2786,3452,5079,5023
2787,3453,5023,5079
2788,3454,5077,5065
2789,3455,5065,5077
2790,3456,5302,5018
2791,3457,5018,5302
2792,3458,5201,5203
2793,3459,5203,5201
2794,3460,5203,5205
2795,3461,5205,5203
2796,3462,5020,5196
2797,3463,5196,5020
2798,3464,5196,5207
2799,3465,5207,5196
2800,3466,5190,5140
2801,3467,5140,5190
2802,3468,5203,5196
2803,3469,5196,5203
2804,3470,5879,5878
2805,3471,5878,5879
2806,3472,5878,5905
2807,3473,5905,5878
2808,3474,5905,5903
2809,3475,5903,5905
2810,3476,5810,5876
2811,3477,5876,5810
2812,3478,5951,5881
2813,3479,5881,5951
2814,3480,5116,5194
2815,3481,5194,5116
2816,3482,628,1369
2817,3483,1369,628
2818,3484,1369,118
2819,3485,118,1369
2820,3486,4303,4305
2821,3487,4305,4303
2822,3488,5073,5007
2823,3489,5007,5073
2824,3490,5006,5073
2825,3491,5073,5006
2826,3492,5013,5015
2827,3493,5015,5013
2828,3494,5018,5016
2829,3495,5138,5302
2830,3496,5302,5138
2831,3497,5016,5018
2832,3498,5088,5162
2833,3499,5162,5088
2834,3500,5162,5248
2835,3501,5248,5162
2836,3502,778,1577
2837,3503,1577,778
2838,3504,1577,374
2839,3505,374,1577
2840,3516,359,358
2841,3517,358,359
2842,3518,358,356
2843,3519,356,358
2844,3520,464,358
2845,3521,358,464
2846,3522,358,422
2847,3523,422,358
2848,3524,3212,932
2849,3525,932,3212
2850,3526,932,438
2851,3527,438,932
2852,3528,1701,932
2853,3529,932,1701
2854,3530,932,936
2855,3531,936,932
2856,3532,936,2956
2857,3533,2956,936
2858,3534,2541,2542
2859,3536,2522,2523
2860,3537,3671,4682
2861,3538,4682,3671
2862,3539,2542,3488
2863,3540,4682,1150
2864,3541,1150,4682
2865,3542,4140,4682
2866,3543,4682,4140
2867,3544,3267,4667
2868,3545,4667,3267
2869,3546,4667,4303
2870,3547,4303,4667
2871,3548,4671,4667
2872,3549,4667,4671
2873,3550,4660,4661
2874,3551,4661,4660
2875,3552,3922,3130
2876,3553,3130,3922
2877,3554,2203,3922
2878,3555,3922,2203
2879,3556,1175,2522
2880,3557,2523,2540
2881,3558,4782,3059
2882,3559,3059,4782
2883,3560,4790,3061
2884,3561,3061,4790
2885,3562,4115,4119
2886,3563,4119,4115
2887,3568,3311,3313
2888,3569,3313,3311
2889,3570,3313,3360
2890,3571,3360,3313
2891,3572,1257,2825
2892,3573,2825,1257
2893,3574,4063,2200
2894,3575,2200,4063
2895,3576,2200,2203
2896,3577,2203,2200
2897,3578,2203,2206
2898,3579,2206,2203
2899,3580,3920,2203
2900,3581,2203,3920
2901,3582,2200,3125
2902,3583,3125,2200
2903,3584,2716,2618
2904,3585,2618,2716
2905,3586,2618,4944
2906,3587,4944,2618
2907,3588,4944,4203
2908,3589,4203,4944
2909,3590,4937,2618
2910,3591,2618,4937
2911,3592,4944,2708
2912,3593,2708,4944
2913,3594,4198,4203
2914,3595,4203,4198
2915,3596,3616,2194
2916,3597,2194,3616
2917,3598,2194,2188
2918,3599,2188,2194
2919,3600,2188,2161
2920,3601,2161,2188
2921,3602,2816,3349
2922,3603,3349,2816
2923,3604,3349,3364
2924,3605,3364,3349
2925,3606,4796,4290
2926,3607,4290,4796
2927,3608,4290,4297
2928,3609,4297,4290
2929,3610,4297,4296
2930,3611,4296,4297
2931,3612,4296,4796
2932,3613,4796,4296
2933,3614,3067,4296
2934,3615,4296,3067
2935,3616,5208,5215
2936,3617,5215,5208
2937,3618,5215,5191
2938,3619,5191,5215
2939,3620,5169,6214
2940,3621,6214,5169
2941,3622,6214,6333
2942,3623,6333,6214
2943,3624,3064,3066
2944,3625,3066,3064
2945,3626,3066,3067
2946,3627,3067,3066
2947,3628,4302,3066
2948,3629,3066,4302
2949,3630,3946,3242
2950,3631,3242,3946
2951,3632,3242,2763
2952,3633,2763,3242
2953,3634,4955,2621
2954,3635,2621,4955
2955,3636,2512,2541
2956,3637,2541,2512
2957,3638,5033,5034
2958,3639,5034,5033
2959,3640,5302,5305
2960,3641,5305,5302
2961,3642,5305,5023
2962,3643,5023,5305
2963,3644,5305,5114
2964,3645,5114,5305
2965,3646,5114,5142
2966,3647,5142,5114
2967,3648,6411,6320
2968,3649,6320,6411
2969,3650,6320,6321
2970,3651,6321,6320
2971,3652,6321,6411
2972,3653,6411,6321
2973,3654,4618,3203
2974,3655,3203,4618
2975,3656,3203,1698
2976,3657,1698,3203
2977,3658,3204,3203
2978,3659,3203,3204
2979,3660,3203,3143
2980,3661,3143,3203
2981,3662,3347,3349
2982,3663,3349,3347
2983,3664,3345,3347
2984,3665,3347,3345
2985,3666,3347,719
2986,3667,719,3347
2987,3668,719,3345
2988,3669,3345,719
2989,3670,4948,4937
2990,3671,4937,4948
2991,3672,1363,2185
2992,3673,2185,1363
2993,3674,2185,2161
2994,3675,2161,2185
2995,3676,3946,4176
2996,3677,4176,3946
2997,3678,725,315
2998,3679,315,725
2999,3680,704,315
3000,3681,315,704
3001,3682,725,704
3002,3683,704,725
3003,3684,272,731
3004,3685,731,272
3005,3686,731,2687
3006,3687,2687,731
3007,3688,272,745
3008,3689,745,272
3009,3690,745,738
3010,3691,738,745
3011,3692,4645,4646
3012,3693,4646,4645
3013,3694,4646,4638
3014,3695,4638,4646
3015,3696,4638,3148
3016,3697,3148,4638
3017,3698,3148,944
3018,3699,944,3148
3019,3700,3143,3148
3020,3701,3148,3143
3021,3702,3592,3606
3022,3703,3606,3592
3023,3704,3606,3510
3024,3705,3510,3606
3025,3706,3513,3606
3026,3707,3606,3513
3027,3708,3028,3030
3028,3709,3030,3028
3029,3710,3030,3032
3030,3711,3032,3030
3031,3712,3632,3030
3032,3713,3030,3632
3033,3714,711,3354
3034,3715,3354,711
3035,3716,3354,4164
3036,3717,4164,3354
3037,3718,5065,5143
3038,3719,5143,5065
3039,3720,3546,3962
3040,3721,3962,3546
3041,3722,3962,2320
3042,3723,2320,3962
3043,3724,3813,4045
3044,3725,4045,3813
3045,3726,455,1107
3046,3727,1107,455
3047,3728,1107,456
3048,3729,456,1107
3049,3730,4267,4038
3050,3731,4038,4267
3051,3732,4038,3801
3052,3733,3801,4038
3053,3734,581,585
3054,3735,585,581
3055,3736,585,413
3056,3737,413,585
3057,3738,413,343
3058,3739,343,413
3059,3740,3941,3195
3060,3741,3195,3941
3061,3742,4006,4007
3062,3743,4007,4006
3063,3744,4950,4240
3064,3745,4240,4950
3065,3746,2501,4480
3066,3747,4480,2501
3067,3748,923,1337
3068,3749,1337,923
3069,3750,1337,395
3070,3751,395,1337
3071,3752,924,1118
3072,3753,1118,924
3073,3754,651,1120
3074,3755,1120,651
3075,3756,1120,665
3076,3757,665,1120
3077,3758,3027,3957
3078,3759,3957,3027
3079,3760,4084,3559
3080,3761,3559,4084
3081,3762,4074,2413
3082,3763,2413,4074
3083,3764,3060,4661
3084,3765,4661,3060
3085,3766,4782,3213
3086,3767,3213,4782
3087,3768,4790,3732
3088,3769,3732,4790
3089,3770,1072,4584
3090,3771,4584,1072
3091,3772,5284,5283
3092,3773,5283,5284
3093,3774,5283,5268
3094,3775,5268,5283
3095,3776,5283,5328
3096,3777,5328,5283
3097,3778,5284,1399
3098,3779,1399,5284
3099,3780,3113,3112
3100,3781,3112,3113
3101,3782,3113,3115
3102,3783,3115,3113
3103,3784,4007,3113
3104,3785,3113,4007
3105,3786,3113,4380
3106,3787,4380,3113
3107,3788,2687,276
3108,3789,276,2687
3109,3790,276,1302
3110,3791,1302,276
3111,3792,1302,744
3112,3793,744,1302
3113,3794,738,737
3114,3795,737,738
3115,3796,737,756
3116,3797,756,737
3117,3798,3555,3554
3118,3799,3554,3555
3119,3800,3554,3553
3120,3801,3553,3554
3121,3802,3959,3554
3122,3803,3554,3959
3123,3804,3554,4081
3124,3805,4081,3554
3125,3806,4076,4082
3126,3807,4082,4076
3127,3808,3441,4610
3128,3809,4610,3441
3129,3810,4610,4613
3130,3811,4613,4610
3131,3812,3559,4610
3132,3813,4610,3559
3133,3814,3308,3306
3134,3815,3306,3308
3135,3816,3306,1150
3136,3817,1150,3306
3137,3818,3599,2172
3138,3819,2172,3599
3139,3820,2172,3600
3140,3821,3600,2172
3141,3822,3600,3998
3142,3823,3998,3600
3143,3824,3998,2169
3144,3825,2169,3998
3145,3826,3998,3985
3146,3827,3985,3998
3147,3828,3255,3257
3148,3829,3257,3255
3149,3830,152,3763
3150,3831,3763,152
3151,3832,573,154
3152,3833,154,573
3153,3834,154,306
3154,3835,306,154
3155,3836,822,823
3156,3837,823,822
3157,3838,823,147
3158,3839,147,823
3159,3840,919,926
3160,3841,926,919
3161,3842,274,748
3162,3843,748,274
3163,3844,748,272
3164,3845,272,748
3165,3846,2687,748
3166,3847,748,2687
3167,3848,520,1508
3168,3849,1508,520
3169,3850,1508,973
3170,3851,973,1508
3171,3852,1198,548
3172,3853,548,1198
3173,3854,1528,1157
3174,3855,1157,1528
3175,3856,2613,4959
3176,3857,4959,2613
3177,3858,4959,4952
3178,3859,4952,4959
3179,3860,4902,3541
3180,3861,3541,4902
3181,3862,3541,4886
3182,3863,4886,3541
3183,3864,3542,3541
3184,3865,3541,3542
3185,3866,3541,4878
3186,3867,4878,3541
3187,3868,6120,6124
3188,3869,6124,6120
3189,3870,2350,3102
3190,3871,3102,2350
3191,3872,2350,3634
3192,3873,3634,2350
3193,3874,2713,2570
3194,3875,2570,2713
3195,3876,2713,2614
3196,3877,2614,2713
3197,3878,5011,5108
3198,3879,5108,5011
3199,3880,5108,5098
3200,3881,5098,5108
3201,3882,5108,5072
3202,3883,5072,5108
3203,3884,5098,5099
3204,3885,5099,5098
3205,3886,5099,5106
3206,3887,5106,5099
3207,3888,5099,5045
3208,3889,5045,5099
3209,3890,2649,2873
3210,3891,2873,2649
3211,3892,31051,2723
3212,3893,2723,31051
3213,3894,2873,31050
3214,3895,31050,2873
3215,3896,3253,3252
3216,3897,3252,3253
3217,3898,6303,6211
3218,3899,6211,6303
3219,3900,6152,6151
3220,3901,6151,6152
3221,3902,6149,6151
3222,3903,6151,6149
3223,3905,6158,6149
3224,3906,6154,6152
3225,3907,6152,6154
3226,3908,5820,5842
3227,3909,5842,5820
3228,3910,5875,5913
3229,3911,5913,5875
3230,3912,5875,5951
3231,3913,5951,5875
3232,3914,5209,5208
3233,3915,5208,5209
3234,3916,5207,5209
3235,3917,5209,5207
3236,3918,5051,5209
3237,3919,5209,5051
3238,3920,5106,5152
3239,3921,5152,5106
3240,3922,5106,5103
3241,3923,5103,5106
3242,3927,5106,5133
3243,3928,5103,5100
3244,3929,5100,5103
3245,3930,5011,5013
3246,3931,5013,5011
3247,3932,3675,3706
3248,3933,5158,6307
3249,3934,6307,5158
3250,3935,6305,6307
3251,3936,6307,6305
3252,3937,6657,6665
3253,3938,6665,6657
3254,3939,6665,6654
3255,3940,6654,6665
3256,3941,6654,6670
3257,3942,6670,6654
3258,3943,6670,6673
3259,3944,6673,6670
3260,3945,6673,6675
3261,3946,6675,6673
3262,3947,6670,6672
3263,3948,6672,6670
3264,3949,6675,6656
3265,3950,6656,6675
3266,3951,6656,5177
3267,3952,5177,6656
3268,3953,5177,6691
3269,3954,6691,5177
3270,3955,6691,6685
3271,3956,6685,6691
3272,3957,6685,6688
3273,3958,6688,6685
3274,3959,6688,6689
3275,3960,6689,6688
3276,3965,6307,6616
3277,3966,6616,6307
3278,3967,6616,6697
3279,3968,6697,6616
3280,3969,6819,6828
3281,3970,6828,6819
3282,3971,6828,6813
3283,3972,6813,6828
3284,3973,6813,6812
3285,3974,6812,6813
3286,3975,6821,6812
3287,3976,6821,6822
3288,3977,6822,6821
3289,3978,6812,6814
3290,3979,6814,6812
3291,3980,6812,6821
3292,3981,5161,5158
3293,3982,5158,5161
3294,3983,5051,5213
3295,3984,5213,5051
3296,3985,5213,5116
3297,3986,5116,5213
3298,3987,5116,5153
3299,3988,5153,5116
3300,3991,5216,5178
3301,3992,5178,5216
3302,3993,5178,5121
3303,3994,5121,5178
3304,3995,5209,5225
3305,3996,5225,5209
3306,3997,5205,5207
3307,3998,5207,5205
3308,3999,5098,5103
3309,4000,5103,5098
3310,4001,5103,5302
3311,4002,5302,5103
3312,4003,5100,5152
3313,4004,5152,5100
3314,4005,5152,5138
3315,4006,5138,5152
3316,4013,5045,5132
3317,4014,5132,5045
3318,4015,5132,5072
3319,4016,5072,5132
3320,4017,608,1333
3321,4018,1333,608
3322,4019,1333,1211
3323,4020,1211,1333
3324,4021,1333,1234
3325,4022,1234,1333
3326,4027,5068,5088
3327,4028,5088,5068
3328,4029,5069,5225
3329,4030,5225,5069
3330,4031,5033,5032
3331,4032,5032,5033
3332,4033,5032,5035
3333,4034,5035,5032
3334,4035,5035,5030
3335,4036,5030,5035
3336,4039,31053,2424
3337,4040,2424,31053
3338,4041,4341,31053
3339,4042,31053,4341
3340,4043,2425,31056
3341,4044,31003,31070
3342,4045,31070,31003
3343,4046,31070,31005
3344,4047,31005,31070
3345,4048,2399,2887
3346,4049,2887,2399
3347,4050,2898,2399
3348,4051,1236,4919
3349,4052,4919,1236
3350,4053,4919,3946
3351,4054,3946,4919
3352,4055,4034,4325
3353,4056,4325,4034
3354,4057,4325,4324
3355,4058,4324,4325
3356,4059,4324,3662
3357,4060,3662,4324
3358,4061,3003,4324
3359,4062,4324,3003
3360,4063,4057,4032
3361,4064,4032,4057
3362,4065,4032,4321
3363,4066,4321,4032
3364,4067,3056,4004
3365,4068,4004,3056
3366,4069,4004,4007
3367,4070,4007,4004
3368,4071,3177,508
3369,4072,508,3177
3370,4073,1125,31074
3371,4074,31074,1126
3372,4075,31074,1410
3373,4078,1132,31074
3374,4079,1416,1131
3375,4080,1416,1125
3376,4081,634,551
3377,4082,551,634
3378,4083,551,126
3379,4084,126,551
3380,4085,360,264
3381,4086,264,360
3382,4087,264,451
3383,4088,451,264
3384,4089,4647,309
3385,4090,309,4647
3386,4091,309,281
3387,4092,281,309
3388,4093,3963,3280
3389,4094,4551,4560
3390,4095,4560,4551
3391,4096,4409,3450
3392,4097,3450,4409
3393,4098,4409,4400
3394,4099,4400,4409
3395,4100,4409,4381
3396,4101,4381,4409
3397,4102,4380,4381
3398,4103,4381,4380
3399,4104,4381,2100
3400,4105,2100,4381
3401,4106,3481,2513
3402,4108,1131,1416
3403,4109,3481,2541
3404,4110,4400,2918
3405,4111,4140,2101
3406,4112,2918,4400
3407,4113,4216,4406
3408,4115,2827,7334
3409,4117,274,233
3410,4118,233,274
3411,4119,233,745
3412,4120,745,233
3413,4121,233,278
3414,4122,278,233
3415,4123,2101,4140
3416,4124,3380,7334
3417,4125,6643,6645
3418,4126,6645,6643
3419,4127,7334,2827
3420,4128,3380,2822
3421,4129,4661,4662
3422,4130,4662,4661
3423,4131,3267,4662
3424,4132,4662,3267
3425,4133,4662,4682
3426,4134,4682,4662
3427,4135,31074,1127
3428,4136,1128,31074
3429,4137,1132,1130
3430,4139,1417,1410
3431,4141,1129,1128
3432,4142,1124,1129
3433,4144,1408,1417
3434,4145,1130,1124
3435,4146,5606,5610
3436,4147,5610,6676
3437,4148,6676,5610
3438,4149,5610,5606
3439,4150,6676,5659
3440,4151,5659,6676
3441,4152,5659,5657
3442,4153,5657,5659
3443,4154,1127,1408
3444,4155,5657,5658
3445,4156,5658,5657
3446,4157,5611,6689
3447,4158,6689,5611
3448,4159,5820,5821
3449,4160,5821,5820
3450,4161,5821,5824
3451,4162,5824,5821
3452,4163,5824,5833
3453,4164,5833,5824
3454,4165,5878,5877
3455,4166,5877,5878
3456,4167,5877,5875
3457,4168,5875,5877
3458,4169,5881,5834
3459,4170,5834,5881
3460,4171,5876,5873
3461,4172,5873,5876
3462,4173,5842,5875
3463,4174,5875,5842
3464,4175,6018,6068
3465,4176,6068,6018
3466,4177,6068,6093
3467,4178,6093,6068
3468,4179,6078,6337
3469,4180,6337,6078
3470,4181,6337,6338
3471,4182,6338,6337
3472,4183,6338,6341
3473,4184,6341,6338
3474,4185,6290,6338
3475,4186,6338,6290
3476,4187,6216,6255
3477,4188,6255,6216
3478,4189,6255,6261
3479,4190,6261,6255
3480,4191,6261,6200
3481,4192,6200,6261
3482,4193,6284,6261
3483,4194,6261,6284
3484,4195,6208,6284
3485,4196,6284,6208
3486,4197,6274,6208
3487,4198,6208,6274
3488,4201,6233,6261
3489,4202,6261,6233
3490,4203,6230,6233
3491,4204,6233,6230
3492,4205,6232,6230
3493,4206,6230,6232
3494,4207,6223,6287
3495,4208,6287,6223
3496,4209,6287,6196
3497,4210,6196,6287
3498,4211,6291,6287
3499,4212,6287,6291
3500,4213,6208,6255
3501,4214,6255,6208
3502,4215,6250,6288
3503,4216,6288,6250
3504,4217,591,6679
3505,4218,6679,591
3506,4219,1260,522
3507,4220,522,1260
3508,4221,251,591
3509,4222,591,251
3510,4223,1017,1244
3511,4224,1244,1017
3512,4225,547,1017
3513,4226,1017,547
3514,4227,565,5161
3515,4228,5161,565
3516,4231,531,1305
3517,4232,1305,531
3518,4233,1259,531
3519,4234,531,1259
3520,4235,1249,2194
3521,4236,2194,1249
3522,4237,892,707
3523,4238,707,892
3524,4239,1130,31074
3525,4241,4972,1249
3526,4243,1249,4972
3527,4244,31071,5349
3528,4246,31072,31071
3529,4247,31071,31072
3530,4248,5349,31071
3531,4249,5153,31071
3532,4250,31071,5153
3533,4251,5121,31072
3534,4252,31072,5121
3535,4253,3210,3431
3536,4254,3431,3210
3537,4255,737,1297
3538,4256,1297,737
3539,4257,1081,789
3540,4258,2879,31065
3541,4259,31065,2878
3542,4260,31065,31066
3543,4270,4066,4035
3544,4271,4035,4066
3545,4272,31048,31552
3546,4273,31552,31048
3547,4274,31552,31050
3548,4275,31050,31552
3549,4276,4266,4271
3550,4277,4271,4266
3551,4278,4271,2843
3552,4279,2843,4271
3553,4280,4270,4275
3554,4281,4275,4270
3555,4282,4275,3841
3556,4283,3841,4275
3557,4284,3841,4356
3558,4285,4356,3841
3559,4286,4951,1539
3560,4287,1539,4951
3561,4288,1539,4231
3562,4289,4231,1539
3563,4290,2507,1539
3564,4291,724,712
3565,4292,3364,712
3566,4293,2349,4655
3567,4294,4655,2349
3568,4295,4655,3694
3569,4296,3694,4655
3570,4297,3401,3399
3571,4298,3399,3401
3572,4299,3399,3397
3573,4300,3397,3399
3574,4301,4342,2422
3575,4302,2422,4342
3576,4303,4348,4343
3577,4304,4343,4348
3578,4305,4343,2421
3579,4306,2421,4343
3580,4313,3501,31061
3581,4314,31061,3501
3582,4316,280,31566
3583,4317,31566,280
3584,4318,31566,31567
3585,4319,31567,31566
3586,4320,31567,31568
3587,4321,3088,1215
3588,4323,31568,31567
3589,4324,31568,31569
3590,4325,31569,31568
3591,4326,31569,31570
3592,4327,31570,31569
3593,4328,31570,731
3594,4329,731,31570
3595,4330,3675,3674
3596,4331,31557,31555
3597,4333,31559,31557
3598,4334,3757,1175
3599,4335,2443,3757
3600,4336,4740,4808
3601,4337,4808,4740
3602,4338,3625,3761
3603,4339,3761,2443
3604,4340,31562,31560
3605,4341,31560,31561
3606,4342,31561,31074
3607,4343,31074,31561
3608,4344,31561,31560
3609,4345,31560,31562
3610,4346,3172,31562
3611,4347,31562,3172
3612,4348,31583,31582
3613,4349,31582,31583
3614,4350,31589,31590
3615,4351,31590,31589
3616,4352,31590,31586
3617,4353,31586,31590
3618,4354,31587,31581
3619,4355,31581,31587
3620,4356,31587,31582
3621,4357,31582,31587
3622,4359,31585,31583
3623,4360,31585,31589
3624,4361,31589,31585
3625,4362,31584,31586
3626,4363,31586,31584
3627,4364,31593,31592
3628,4365,31592,31591
3629,4366,31591,31592
3630,4367,31592,31593
3631,4370,31591,5999
3632,4372,5999,31591
3633,4373,31593,5330
3634,4374,5330,31593
3635,4375,31588,31581
3636,4376,31581,31588
3637,4378,2523,2541
3638,4384,3625,3757
3639,4385,3488,3625
3640,4388,31558,31559
3641,4389,31559,3676
3642,4390,3674,31559
3643,4391,31575,31576
3644,4392,31576,31575
3645,4393,31576,31577
3646,4394,31577,31576
3647,4395,31577,31572
3648,4396,31572,31577
3649,4397,31572,31580
3650,4399,31582,31585
3651,4402,31046,4975
3652,4403,2895,31046
3653,4404,31050,2895
3654,4405,789,1081
3655,4408,3906,3480
3656,4409,3480,3906
3657,4410,31546,3570
3658,4411,4715,31546
3659,4412,31546,4715
3660,4413,1115,1416
3661,4417,31609,3946
3662,4418,31609,4176
3663,4420,3354,4176
3664,4421,4176,3354
3665,4422,3946,31609
3666,4423,4176,31609
3667,4424,31609,4164
3668,4425,4164,31609
3669,4426,5144,1735
3670,4427,1735,5144
3671,4428,4341,2424
3672,4429,2424,4341
3673,4430,31571,31573
3674,4431,31573,31571
3675,4432,31573,31013
3676,4433,31013,31573
3677,4434,2422,4085
3678,4435,4085,2422
3679,4436,4085,3567
3680,4437,3567,4085
3681,4438,4881,2443
3682,4439,2443,4881
3683,4440,2902,4560
3684,4441,4560,2902
3685,4442,3115,3671
3686,4443,3671,3115
3687,4446,4010,4006
3688,4447,4006,4001
3689,4448,4001,4006
3690,4449,4006,4010
3691,4450,4668,4660
3692,4451,4660,4686
3693,4452,4686,4660
3694,4453,4660,4668
3695,4454,4821,3001
3696,4455,3001,4821
3697,4456,31050,31551
3698,4457,31551,31051
3699,4458,31051,31551
3700,4459,31551,31050
3701,4460,1002,2500
3702,4461,4205,2501
3703,4462,4521,2910
3704,4463,4711,4409
3705,4464,400,256
3706,4465,256,400
3707,4466,5144,5145
3708,4467,5145,5144
3709,4468,2540,3481
3710,4469,3365,2541
3711,4470,31617,31616
3712,4471,31616,31617
3713,4472,4066,31620
3714,4473,31620,4066
3715,4474,31620,3922
3716,4475,3922,31620
3717,4476,4119,31619
3718,4477,31619,4119
3719,4478,31619,4782
3720,4479,4782,31619
3721,4480,4782,31618
3722,4481,31618,4782
3723,4482,31618,4790
3724,4483,4790,31618
3725,4484,4790,31545
3726,4485,31545,4790
3727,4486,3058,31619
3728,4487,31619,3058
3729,4488,31622,31623
3730,4489,31623,31622
3731,4490,31623,2850
3732,4491,2850,31623
3733,4492,2614,31622
3734,4493,31622,2614
3735,4494,31622,2658
3736,4495,2658,31622
3737,4496,2845,31557
3738,4501,31555,31556
3739,4502,31556,31557
3740,4504,2413,4778
3741,4506,4778,2413
3742,4507,31557,31558
3743,4509,2934,2932
3744,4510,31627,31624
3745,4511,31624,31628
3746,4512,31628,31629
3747,4513,31629,31630
3748,4514,31630,31631
3749,4516,31631,31632
3750,4517,31632,31631
3751,4518,31631,31630
3752,4519,31630,31629
3753,4520,31633,31634
3754,4521,31634,31635
3755,4522,31635,5034
3756,4523,31629,31628
3757,4524,31628,31624
3758,4525,31624,31627
3759,4526,2925,2908
3760,4527,5030,31302
3761,4528,31302,5030
3762,4529,31631,31626
3763,4530,31626,5336
3764,4531,31300,5336
3765,4532,5336,31637
3766,4533,1907,31641
3767,4534,31641,31640
3768,4535,31640,31642
3769,4536,1907,2895
3770,4537,4478,31642
3771,4538,4478,31640
3772,4539,31640,31641
3773,4540,31641,1907
3774,4541,1907,1913
3775,4542,1913,4975
3776,4543,2895,1907
3777,4544,4176,31610
3778,4545,31610,4176
3779,4548,3742,3235
3780,4549,3235,31618
3781,4550,31618,3235
3782,4551,3235,3742
3783,4552,31618,3060
3784,4553,3060,31618
3785,4554,31581,31564
3786,4555,31644,31645
3787,4556,31200,489
3788,4557,31632,31644
3789,4558,31645,31633
3790,4559,31633,31645
3791,4560,31645,31644
3792,4561,31644,31632
3793,4562,31644,31636
3794,4563,31636,31303
3795,4564,2910,4521
3796,4565,849,1104
3797,4566,1104,849
3798,4567,1104,775
3799,4568,775,1104
3800,4569,4380,2920
3801,4570,2920,4380
3802,4571,124,910
3803,4572,910,124
3804,4573,169,775
3805,4574,775,169
3806,4575,31648,5257
3807,4576,1390,31571
3808,4577,31571,1390
3809,4578,2513,2540
3810,4579,1913,1907
3811,4580,31580,31653
3812,4581,31654,31655
3813,4582,3919,574
3814,4583,31580,2789
3815,4584,31580,2173
3816,4585,31652,787
3817,4586,787,31652
3818,4587,314,707
3819,4588,31652,789
3820,4589,789,31652
3821,4590,31652,1081
3822,4591,1081,31652
3823,4592,787,764
3824,4593,764,787
3825,4594,31657,31658
3826,4595,31658,31657
3827,4596,5258,2652
3828,4597,2507,4240
3829,4598,3172,251
3830,4599,31668,3174
3831,4600,3174,31668
3832,4601,3168,1362
3833,4602,31670,5092
3834,4603,5092,31670
3835,4604,256,1208
3836,4605,31668,400
3837,4606,3918,2827
3838,4607,661,1131
3839,4608,661,710
3840,4609,31679,31656
3841,4610,31656,31679
3842,4612,5252,5146
3843,4613,3365,3488
3844,4614,2627,2631
3845,4615,2631,2627
3846,4616,2185,31576
3847,4617,31580,31050
3848,4618,2789,31579
3849,4619,2765,3742
3850,4620,3742,2765
3851,4621,3360,1257
3852,4622,3304,1150
3853,4623,1150,3304
3854,4624,31641,3050
3855,4625,3050,31641
3856,4626,2789,2173
3857,4627,574,3919
3858,4628,548,3168
3859,4629,3728,265
3860,4630,31622,2597
3861,4631,31665,787
3862,4632,787,31665
3863,4633,31669,605
3864,4634,605,31669
3865,4635,31669,31672
3866,4636,31672,31669
3867,4637,31672,605
3868,4638,605,31672
3869,4639,3172,1576
3870,4640,31672,194
3871,4641,194,31672
3872,4642,31676,853
3873,4643,853,31676
3874,4644,31660,192
3875,4645,192,31660
3876,4646,31660,656
3877,4647,656,31660
3878,4648,31678,5268
3879,4649,5268,31678
3880,4650,31673,2660
3881,4651,2660,31673
3882,4652,31663,2428
3883,4653,2428,31663
3884,4654,31656,1735
3885,4655,31677,4618
3886,4656,4618,31677
3887,4657,5268,1374
3888,4658,4952,4955
3889,4659,2052,2895
3890,4660,2629,2895
3891,4661,5258,2629
3892,4662,31579,31681
3893,4663,31681,1346
3894,4664,31681,2161
3895,4665,31697,1734
3896,4666,31697,5255
3897,4667,31695,31656
3898,4668,31694,31667
3899,4669,31700,5255
3900,4670,31683,3177
3901,4671,31687,258
3902,4672,31687,31661
3903,4673,31682,31656
3904,4674,31682,5252
3905,4675,31690,5252
3906,4676,31690,5268
3907,4677,31698,5268
3908,4678,31691,5235
3909,4679,1734,31697
3910,4680,5255,31697
3911,4681,31656,31695
3912,4682,31667,31694
3913,4683,5255,31700
3914,4684,3177,31683
3915,4685,258,31687
3916,4686,31661,31687
3917,4687,31656,31682
3918,4688,5252,31682
3919,4689,5252,31690
3920,4690,5268,31690
3921,4691,5268,31698
3922,4692,5235,31691
3923,4693,31694,31691
3924,4694,31691,31694
3925,4695,31696,31691
3926,4696,31691,31696
3927,4697,31693,31690
3928,4698,31690,31693
3929,4699,31693,31699
3930,4700,31699,31693
3931,4701,31699,31698
3932,4702,31698,31699
3933,4703,31699,31689
3934,4704,31689,31699
3935,4705,31692,31689
3936,4706,31689,31692
3937,4707,31698,31694
3938,4708,31694,31698
3939,4709,31686,729
3940,4710,729,31686
3941,4711,31686,620
3942,4712,620,31685
3943,4713,31685,31686
3944,4714,31686,31685
3945,4715,31686,516
3946,4716,516,31686
3947,4717,31686,2686
3948,4718,2686,31686
3949,4719,31685,31684
3950,4720,31684,31685
3951,4721,31684,620
3952,4722,620,31684
3953,4723,31688,2587
3954,4724,2587,31688
3955,4725,31688,4930
3956,4726,4930,31688
3957,4727,31688,2580
3958,4728,2580,31688
3959,4729,31682,5145
3960,4730,31682,5257
3961,4731,5257,31682
3962,4732,31648,31682
3963,4733,5236,3776
3964,4734,5279,2850
3965,4735,5252,5328
3966,4736,5273,31704
3967,4737,5328,5273
3968,4738,31706,31687
3969,4739,31687,31706
3970,4740,31705,31704
3971,4741,31704,31705
3972,4742,31705,31695
3973,4743,31695,31705
3974,4744,31702,31695
3975,4745,31695,31702
3976,4746,31704,5273
3977,4747,31706,3172
3978,4748,3172,31706
3979,4749,31706,256
3980,4750,256,31706
3981,4751,31707,2631
3982,4752,2631,31707
3983,4753,1374,31701
3984,4754,31701,1374
3985,4755,31701,31690
3986,4756,31690,31701
3987,4757,31701,31693
3988,4758,31693,31701
3989,4759,31651,31650
3990,4760,31650,31651
3991,4762,31650,1410
3992,4763,1410,31650
3993,4764,31650,1132
3994,4765,1132,31650
3995,4766,31712,31711
3996,4767,31711,31712
3997,4768,31714,1236
3998,4769,1236,31714
3999,4770,31711,31713
4000,4771,31713,31711
4001,4772,31713,1236
4002,4773,1236,31713
4003,4774,31713,4919
4004,4775,4919,31713
4005,4776,4176,31710
4006,4777,31710,4176
4007,4778,31709,31710
4008,4779,31710,31709
4009,4780,31709,31609
4010,4781,31609,31709
4011,4782,31709,3946
4012,4783,3946,31709
4013,4784,31740,4919
4014,4785,4919,31740
4015,4786,31740,31713
4016,4787,31713,31740
4017,4788,31743,5235
4018,4789,5235,31743
4019,4790,31745,2850
4020,4791,2850,31745
4021,4792,31574,31742
4022,4793,2184,31574
4023,4794,31722,31720
4024,4795,31720,31651
4025,4796,31074,31717
4026,4797,31725,31721
4027,4798,31721,31726
4028,4799,31726,31732
4029,4800,31653,31731
4030,4801,31727,31729
4031,4802,31733,31735
4032,4803,31735,31737
4033,4804,31737,31730
4034,4805,31736,31739
4035,4806,31730,31728
4036,4807,31719,31718
4037,4808,31723,31719
4038,4809,31728,31723
4039,4810,31718,2541
4040,4811,31732,31738
4041,4812,31738,31736
4042,4813,31734,31733
4043,4814,31580,31734
4044,4815,548,1578
4045,4816,192,31671
4046,4817,31747,31048
4047,4818,31746,31747
4048,4819,31748,1366
4049,4820,31748,31051
4050,4821,31752,31748
4051,4822,31751,31752
4052,4823,31749,31751
4053,4824,2052,31749
4054,4825,31753,31749
4055,4826,2701,31749
4056,4827,31750,31753
4057,4828,31716,31754
4058,4829,31760,31761
4059,4830,31759,31760
4060,4831,31758,31757
4061,4832,31757,31756
4062,4833,31756,31755
4063,4834,31782,2597
4064,4835,2597,31782
4065,4836,31785,31789
4066,4837,31789,31785
4067,4838,31769,5181
4068,4839,5181,31769
4069,4840,31775,31722
4070,4841,31722,31775
4071,4842,31791,5161
4072,4843,5161,31791
4073,4844,31791,565
4074,4845,565,31791
4075,4846,31776,31761
4076,4847,31761,31776
4077,4848,31781,522
4078,4849,522,31781
4079,4850,31770,251
4080,4851,251,31770
4081,4852,5236,5147
4082,4853,31762,6681
4083,4854,6681,31762
4084,4855,31762,6679
4085,4856,6679,31762
4086,4857,31771,6681
4087,4858,6681,31771
4088,4859,31771,31767
4089,4860,31767,31771
4090,4861,31763,31764
4091,4862,31764,31750
4092,4863,31765,31803
4093,4864,31803,31765
4094,4865,31765,31742
4095,4866,31742,31765
4096,4867,31767,6681
4097,4868,6681,31767
4098,4869,31787,531
4099,4870,531,31787
4100,4871,31787,1259
4101,4872,1259,31787
4102,4873,973,31783
4103,4874,31783,973
4104,4875,591,31783
4105,4876,31783,591
4106,4877,31783,31786
4107,4878,31786,31783
4108,4879,31786,31768
4109,4880,31768,31786
4110,4881,31786,31770
4111,4882,31770,31786
4112,4883,31777,31654
4113,4884,31784,31780
4114,4885,31780,31784
4115,4888,31780,3177
4116,4889,3177,31780
4117,4890,31780,1198
4118,4891,1198,31780
4119,4892,31779,1578
4120,4893,1578,31779
4121,4894,31779,3168
4122,4895,3168,31779
4123,4896,31779,548
4124,4897,548,31779
4125,4898,31779,1198
4126,4899,1198,31779
4127,4900,31772,3036
4128,4901,3036,31772
4129,4902,31772,2333
4130,4903,2333,31772
4131,4904,31772,211
4132,4905,211,31772
4133,4906,31778,309
4134,4907,309,31778
4135,4908,31778,4647
4136,4909,4647,31778
4137,4910,31778,283
4138,4911,283,31778
4139,4912,31778,2333
4140,4913,258,3168
4141,4914,3168,258
4142,4915,31792,31793
4143,4916,31754,31792
4144,4917,2104,31795
4145,4918,3380,31795
4146,4919,31796,3357
4147,4920,31731,31796
4148,4921,4187,31727
4149,4922,31799,31782
4150,4923,31782,31799
4151,4924,31809,31746
4152,4925,31046,31809
4153,4928,31801,4972
4154,4929,4972,31801
4155,4932,3252,31802
4156,4933,31802,3252
4157,4934,31803,1363
4158,4935,1363,31803
4159,4936,31803,2993
4160,4937,2993,31803
4161,4938,31679,5257
4162,4939,31784,31860
4163,4940,31860,31784
4164,4941,620,31862
4165,4942,31862,620
4166,4943,569,31861
4167,4944,31861,31854
4168,4945,31861,569
4169,4946,31854,31846
4170,4947,31854,31861
4171,4948,31846,256
4172,4949,31846,31854
4173,4950,256,31846
4174,4951,400,31668
4175,4952,31804,374
4176,4953,31804,1577
4177,4954,1577,31804
4178,4955,374,31804
4179,4956,31657,31822
4180,4957,31822,31657
4181,4958,31822,31658
4182,4959,31658,31822
4183,4960,5236,31816
4184,4961,31816,5147
4185,4962,2541,2881
4186,4963,2541,2880
4187,4964,31805,4694
4188,4965,4694,31805
4189,4966,3566,31805
4190,4967,31823,31811
4191,4968,31811,31823
4192,4969,31824,5144
4193,4970,31811,1215
4194,4971,1215,31811
4195,4972,31815,5269
4196,4973,5269,31815
4197,4974,1157,31815
4198,4975,31815,1157
4199,4976,31817,3506
4200,4977,3506,31817
4201,4978,31701,31858
4202,4979,31858,31701
4203,4980,31863,31743
4204,4981,31743,31863
4205,4982,31863,31666
4206,4983,31666,31863
4207,4984,31864,31744
4208,4985,31744,31864
4209,4986,31864,31745
4210,4987,31745,31864
4211,4988,31864,1351
4212,4989,1351,31864
4213,4990,5279,31744
4214,4991,31744,5279
4215,4992,31865,5002
4216,4993,5002,31865
4217,4994,31865,5258
4218,4995,5258,31865
4219,4996,31865,3479
4220,4997,3479,31865
4221,4998,31866,5279
4222,4999,5279,31866
4223,5000,31866,31678
4224,5001,31678,31866
4225,5002,31678,5235
4226,5003,5235,31678
4227,5004,31858,5268
4228,5005,5268,31858
4229,5006,31858,31698
4230,5007,31698,31858
4231,5008,31858,31667
4232,5009,31667,31858
4233,5010,5235,31667
4234,5011,31667,5235
4235,5012,31659,169
4236,5013,31784,3168
4237,5014,3168,31784
4238,5015,31781,31867
4239,5016,31867,31781
4240,5017,31766,31823
4241,5018,31823,31766
4242,5019,31854,256
4243,5020,256,31854
4244,5021,31854,569
4245,5022,569,31854
4246,5023,31854,1208
4247,5024,1208,31854
4248,5025,31789,31867
4249,5026,31867,31789
4250,5027,31715,31777
4251,5028,31764,31763
4252,5029,31750,31764
4253,5030,31797,1907
4254,5031,31797,31836
4255,5032,31818,1236
4256,5033,1236,31818
4257,5034,31818,31714
4258,5035,31714,31818
4259,5036,31826,31818
4260,5037,31818,31826
4261,5038,31826,1346
4262,5039,1346,31826
4263,5040,31826,31742
4264,5041,31742,31826
4265,5042,31892,31661
4266,5043,31661,31892
4267,5044,31661,522
4268,5045,522,31661
4269,5046,5235,31894
4270,5047,31894,5235
4271,5048,543,403
4272,5049,31845,106
4273,5050,106,31845
4274,5051,118,31845
4275,5052,31845,118
4276,5053,145,31845
4277,5054,31847,137
4278,5055,31847,138
4279,5056,31845,145
4280,5057,31849,146
4281,5058,31848,146
4282,5059,31847,628
4283,5060,31849,639
4284,5061,137,31847
4285,5062,138,31847
4286,5063,628,31847
4287,5064,1369,31847
4288,5065,146,31849
4289,5066,639,31849
4290,5067,31848,31849
4291,5068,31848,863
4292,5069,146,31848
4293,5070,31849,31848
4294,5071,863,31848
4295,5072,31847,1369
4296,5073,695,31741
4297,5074,1157,31851
4298,5075,1528,31851
4299,5076,1734,31856
4300,5077,1528,31853
4301,5078,31839,2630
4302,5079,31839,2652
4303,5080,2513,31889
4304,5081,2631,31889
4305,5082,2694,31889
4306,5083,31839,5258
4307,5084,31857,31855
4308,5085,5283,31855
4309,5086,5268,31857
4310,5087,31855,31857
4311,5088,1734,31859
4312,5089,31819,31888
4313,5090,1215,31812
4314,5091,2630,31839
4315,5092,2652,31839
4316,5093,5258,31839
4317,5094,31838,2652
4318,5095,31840,3480
4319,5096,2873,31827
4320,5097,31724,2658
4321,5098,3365,31807
4322,5099,464,31903
4323,5100,31903,481
4324,5101,481,31902
4325,5102,31902,483
4326,5103,483,31902
4327,5104,31902,481
4328,5105,481,31903
4329,5106,31903,464
4330,5107,31659,31912
4331,5108,31912,170
4332,5109,170,31912
4333,5110,31912,31659
4334,5111,31665,31914
4335,5112,31914,31913
4336,5113,31913,31915
4337,5114,31915,868
4338,5115,868,31915
4339,5116,31915,31913
4340,5117,31913,31914
4341,5118,31914,31665
4342,5119,420,31904
4343,5120,31904,422
4344,5121,422,31905
4345,5122,31905,423
4346,5123,423,31906
4347,5124,31906,31907
4348,5125,31907,426
4349,5126,426,31908
4350,5127,31908,429
4351,5128,429,31910
4352,5129,31910,265
4353,5130,265,31909
4354,5131,31909,432
4355,5132,432,31911
4356,5133,31911,31200
4357,5134,31200,31911
4358,5135,31911,432
4359,5136,432,31909
4360,5137,31909,265
4361,5138,265,31910
4362,5139,31910,429
4363,5140,429,31908
4364,5141,31908,426
4365,5142,426,31907
4366,5143,31907,31906
4367,5144,31906,423
4368,5145,423,31905
4369,5146,31905,422
4370,5147,422,31904
4371,5148,31904,420
4372,5149,5291,31896
4373,5150,31896,5253
4374,5151,5253,31896
4375,5152,31896,5291
4376,5153,5252,31897
4377,5154,31897,31898
4378,5155,31898,5328
4379,5156,5328,31898
4380,5157,31898,31897
4381,5158,31897,5252
4382,5159,5283,31899
4383,5160,31899,5328
4384,5161,5328,31899
4385,5162,31899,5283
4386,5163,31823,31893
4387,5164,31893,31823
4388,5165,31893,5291
4389,5166,5291,31893
4390,5167,31891,31670
4391,5168,31670,31891
4392,5169,31891,31824
4393,5170,31837,31835
4394,5171,31835,31837
4395,5172,31807,31837
4396,5173,495,31901
4397,5174,31901,31895
4398,5175,31895,31901
4399,5176,31901,495
4400,5177,31609,31916
4401,5178,31916,31609
4402,5179,31711,31917
4403,5180,31917,31711
4404,5181,31808,31653
4405,5182,31827,31808
4406,5183,5146,31648
4407,5184,31874,397
4408,5185,31870,519
4409,5186,31884,973
4410,5187,31850,31678
4411,5188,31876,1700
4412,5189,31878,31771
4413,5190,31869,3706
4414,5191,3706,31869
4415,5192,2425,31868
4416,5193,31871,789
4417,5194,31658,31821
4418,5195,31821,31658
4419,5196,31755,31833
4420,5197,31885,31768
4421,5198,31790,31884
4422,5199,31788,31882
4423,5200,31793,7334
4424,5201,31795,31794
4425,5202,31834,31863
4426,5203,31832,31833
4427,5204,31831,31832
4428,5205,31829,31830
4429,5206,31828,31829
4430,5207,31879,31880
4431,5208,31882,531
4432,5209,31875,241
4433,5210,31873,31870
4434,5211,31886,1017
4435,5212,31883,1244
4436,5213,31844,31843
4437,5214,31843,31844
4438,5215,31887,2329
4439,5216,31842,3480
4440,5217,31820,3905
4441,5218,31881,31880
4442,5219,31841,31816
4443,5220,31872,31788
4444,5221,31877,31770
4445,5222,31814,31692
4446,5223,31798,695
4447,5224,31878,31769
4448,5225,31769,31878
4449,5226,31771,31878
4450,5227,31863,31924
4451,5228,5293,31953
4452,5229,31953,5293
4453,5230,31953,5002
4454,5231,5002,31953
4455,5232,5328,31957
4456,5233,31957,5273
4457,5234,5273,31957
4458,5235,31957,5328
4459,5236,31864,31956
4460,5237,31956,31864
4461,5238,31666,31956
4462,5239,31956,31666
4463,5240,5279,31956
4464,5241,31956,5279
4465,5242,31956,31865
4466,5243,31865,31956
4467,5244,31684,31958
4468,5245,31862,31958
4469,5246,31958,31684
4470,5247,31958,31862
4471,5248,5283,31852
4472,5249,31852,31866
4473,5250,31866,31852
4474,5251,31852,5283
4475,5253,31812,31703
4476,5254,31703,31702
4477,5255,31702,31703
4478,5256,31703,31812
4479,5257,31871,1081
4480,5258,31871,31652
4481,5259,789,31871
4482,5260,1081,31871
4483,5261,1106,492
4484,5262,31652,31871
4485,5263,31870,31652
4486,5264,519,31870
4487,5265,31652,31870
4488,5266,31741,695
4489,5267,31741,707
4490,5268,31741,711
4491,5269,31827,31735
4492,5270,707,31741
4493,5271,711,31741
4494,5272,2658,31724
4495,5273,31733,31827
4496,5274,31808,31827
4497,5275,31874,400
4498,5276,31875,1114
4499,5277,31885,1576
4500,5278,31876,3143
4501,5279,31874,31668
4502,5281,31876,3203
4503,5282,31876,3204
4504,5283,31885,31708
4505,5284,31885,31784
4506,5285,241,31875
4507,5286,397,31874
4508,5287,400,31874
4509,5288,1114,31875
4510,5289,1576,31885
4511,5290,1700,31876
4512,5291,3143,31876
4513,5292,31668,31874
4514,5293,3203,31876
4515,5294,3204,31876
4516,5295,31708,31885
4517,5296,31784,31885
4518,5297,31768,31885
4519,5298,31812,3088
4520,5299,3088,31812
4521,5300,31812,1215
4522,5301,657,31660
4523,5302,31660,31662
4524,5303,31662,31671
4525,5304,31671,190
4526,5305,31887,3714
4527,5306,2329,31887
4528,5307,3714,31887
4529,5308,31887,3034
4530,5309,3034,31887
4531,5310,31808,31579
4532,5311,31706,31854
4533,5312,31854,31706
4534,5313,31758,31824
4535,5314,31824,31758
4536,5315,5144,31824
4537,5316,5079,31565
4538,5317,31565,5079
4539,5318,31757,31758
4540,5319,31756,31757
4541,5320,2004,31965
4542,5321,31965,2004
4543,5322,31965,2006
4544,5323,2006,31965
4545,5324,163,31966
4546,5325,31966,163
4547,5326,31966,164
4548,5327,164,31966
4549,5328,125,31967
4550,5329,31967,125
4551,5330,31968,31967
4552,5331,31967,31968
4553,5332,31967,129
4554,5333,129,31967
4555,5334,31969,910
4556,5335,910,31969
4557,5336,31969,869
4558,5337,869,31969
4559,5338,124,31969
4560,5339,31969,124
4561,5340,31996,31970
4562,5341,31970,31996
4563,5342,31970,295
4564,5343,295,31970
4565,5344,138,31971
4566,5345,31971,138
4567,5346,31971,141
4568,5347,141,31971
4569,5348,634,31972
4570,5349,31972,634
4571,5350,31972,629
4572,5351,629,31972
4573,5352,551,31973
4574,5353,31973,551
4575,5354,31973,634
4576,5355,634,31973
4577,5356,4745,31974
4578,5357,31974,4745
4579,5358,31974,4748
4580,5359,4748,31974
4581,5360,551,626
4582,5361,626,551
4583,5362,2425,3674
4584,5363,3634,31975
4585,5364,31975,3634
4586,5365,31975,31983
4587,5366,31983,31975
4588,5367,31975,3102
4589,5368,3102,31975
4590,5369,31976,31986
4591,5370,31986,31976
4592,5371,32004,31976
4593,5372,31976,32004
4594,5373,3957,31976
4595,5374,31976,3957
4596,5375,31977,3632
4597,5376,3632,31977
4598,5377,31977,3028
4599,5378,3028,31977
4600,5379,31978,31979
4601,5380,31979,31978
4602,5381,2312,31978
4603,5382,31978,2312
4604,5383,31979,3551
4605,5384,3551,31979
4606,5385,31979,4091
4607,5386,4091,31979
4608,5387,4079,31979
4609,5388,31979,4079
4610,5389,31980,4093
4611,5390,4093,31980
4612,5391,4081,31980
4613,5392,31980,4081
4614,5393,4091,31980
4615,5394,31980,4091
4616,5395,31980,3554
4617,5396,3554,31980
4618,5397,31981,4081
4619,5398,4081,31981
4620,5399,4075,31981
4621,5400,31981,4075
4622,5401,31981,4076
4623,5402,4076,31981
4624,5403,3635,31982
4625,5404,31982,3635
4626,5405,31982,3637
4627,5406,3637,31982
4628,5407,2324,31983
4629,5408,31983,2324
4630,5409,31983,2326
4631,5410,2326,31983
4632,5411,686,31984
4633,5412,31984,686
4634,5413,31984,2827
4635,5414,2827,31984
4636,5415,317,31985
4637,5416,31985,317
4638,5417,31985,325
4639,5418,325,31985
4640,5419,32000,3034
4641,5420,3034,32000
4642,5421,32002,552
4643,5422,552,32002
4644,5423,2320,32004
4645,5424,32004,2320
4646,5425,31986,3634
4647,5426,3634,31986
4648,5427,31986,2322
4649,5428,2322,31986
4650,5429,2317,31987
4651,5430,31987,2317
4652,5431,3962,31987
4653,5432,31987,3962
4654,5433,31987,2320
4655,5434,2320,31987
4656,5435,417,31989
4657,5436,31989,417
4658,5437,31989,849
4659,5438,849,31989
4660,5439,851,31990
4661,5440,31990,851
4662,5441,31990,853
4663,5442,853,31990
4664,5443,142,31991
4665,5444,31991,142
4666,5445,31991,145
4667,5446,145,31991
4668,5447,31992,1369
4669,5448,1369,31992
4670,5449,141,31992
4671,5450,31992,141
4672,5451,166,31988
4673,5452,31988,166
4674,5453,31988,168
4675,5454,168,31988
4676,5455,814,32001
4677,5456,32001,814
4678,5457,32001,106
4679,5458,106,32001
4680,5459,31993,31847
4681,5460,31847,31993
4682,5461,138,31993
4683,5462,31993,138
4684,5463,31994,634
4685,5464,634,31994
4686,5465,137,31994
4687,5466,31994,137
4688,5467,31995,295
4689,5468,295,31995
4690,5469,133,31995
4691,5470,31995,133
4692,5471,3308,32003
4693,5472,32003,3308
4694,5473,32003,2822
4695,5474,2822,32003
4696,5475,31997,3311
4697,5476,3311,31997
4698,5477,4305,31997
4699,5478,31997,4305
4700,5479,853,31998
4701,5480,31998,853
4702,5481,31998,857
4703,5482,857,31998
4704,5483,31999,892
4705,5484,892,31999
4706,5485,707,31999
4707,5486,31999,707
4708,5487,32005,778
4709,5488,778,32005
4710,5489,631,32005
4711,5490,32005,631
4712,5491,31548,31799
4713,5492,31799,31548
4714,5493,31753,31750
4715,5494,31841,31798
4716,5495,31798,31841
4717,5496,31841,2841
4718,5497,2841,31841
4719,5498,31798,31974
4720,5499,31974,31798
4721,5500,4739,31798
4722,5501,31798,4739
4723,5502,31841,4812
4724,5503,4812,31841
4725,5504,224,32002
4726,5505,32002,224
4727,5506,403,543
4728,5507,1175,2523
4729,5508,2523,1175
4730,5509,31962,604
4731,5510,604,31962
4732,5511,31802,31809
4733,5512,31809,31802
4734,5513,31801,31809
4735,5514,31809,31801
4736,5515,32015,32014
4737,5516,32014,32015
